S,Curvature,Collision_Distance,Pitch,Roll
0,0,2.4,2.33901,-0.525678
0.4,0,2.43311,0.574393,-1.60687
0.8,0,2.4,-0.45464,-1.39901
1.2,0,2.33238,-0.108593,0.283714
1.6,0,2.15407,-0.175881,1.26725
2,0,2.03961,0.0575461,0.853819
2.4,0,2,0.498857,-0.392426
2.8,0,2,0.432273,-0.146116
3.2,0,2,0.0191605,0.386316
3.6,0,2,-1.58186,0.220143
4,0,2,-1.20111,0.122621
4.4,0,2,-0.807026,-1.02768
4.8,0,2,0.184293,-1.12818
5.2,0,1.78885,0.237403,0.107035
5.6,0,1.64924,0.499655,-0.68039
6,0,1.6,0.269872,-0.414693
6.4,0,1.6,-0.186982,2.45651
6.8,0,1.6,-0.221392,3.02914
7.2,0,1.44222,0.199959,2.95713
7.6,0,1.26491,0.436608,2.80016
8,0,1.2,0.365301,0.0187644
8.4,0,1.2,0.304102,-1.00622
8.8,0,1.2,0.132376,0.911269
9.2,0,1.13137,-0.520606,3.76605
9.6,0,0.894427,0.194711,nan
10,0,0.8,-0.00153859,nan
10.4,0,0.8,-0.582352,nan
10.8,0,0.8,0.024071,nan
11.2,0,0.894427,-0.370607,nan
11.6,0,0.8,0.305856,nan
12,0,0.8,0.432345,nan
12.4,0,0.565685,0.33734,nan
12.8,0,0.4,-0.505594,nan
13.2,0,0.4,0.266881,nan
13.6,0,0.4,-0.0623848,nan
14,0,0.4,1.04124,nan
14.4,0,0.4,0.967519,nan
14.8,0,0.4,-0.102949,nan
15.2,0,0.4,0.116746,nan
15.6,1.58114,0.4,nan,nan
16.1657,1.58114,0.4,-0.927484,nan
16.5657,0,0.4,0.554333,nan
16.9657,0,0.4,-0.285387,nan
17.3657,0,0.4,0.074068,nan
17.7657,0,0.4,0.369018,nan
18.1657,0,0.4,-1.22796,nan
18.5657,0,0.4,nan,nan
18.9657,1.58114,0.4,nan,nan
19.5314,1.58114,0.4,nan,nan
19.9314,0,0.4,0.161128,nan
20.3314,0,0.4,-0.302175,nan
20.7314,1.58114,0.4,nan,nan
21.2971,1.58114,0.4,-0.938926,nan
21.6971,0,0.4,-0.75339,nan
22.0971,0,0.4,-0.213505,nan
22.4971,0,0.4,0.797406,nan
22.8971,0,0.4,0.145541,nan
23.2971,0,0.4,0.441569,nan
23.6971,1.58114,0.4,nan,nan
24.2627,1.58114,0.4,-0.983792,nan
24.6627,0,0.4,0.169267,nan
25.0627,0,0.4,0.46541,nan
25.4627,0,0.4,1.17913,nan
25.8627,0,0.4,0.405549,nan
26.2627,0,0.565685,-0.885475,nan
26.6627,0,0.894427,-0.347305,nan
27.0627,0,1.26491,nan,nan
27.4627,0,1.2,nan,nan
27.8627,0,0.8,nan,nan
28.2627,1.58114,0.4,nan,nan
28.8284,1.58114,0.4,nan,nan
29.2284,0,0.4,-0.972127,nan
29.6284,0,0.4,0.304663,nan
30.0284,1.58114,0.4,nan,nan
30.5941,1.58114,0.4,0.0213431,nan
30.9941,0,0.4,-0.0897343,nan
31.3941,0,0.4,0.810606,nan
31.7941,0,0.565685,0.500626,nan
32.1941,1.58114,0.4,nan,nan
32.7598,1.58114,0.4,0.310676,nan
33.1598,0,0.4,-0.042872,nan
33.5598,0,0.4,-0.214748,nan
33.9598,0,0.4,-0.483155,nan
34.3598,0,0.4,-0.608839,nan
34.7598,0,0.4,-0.390889,nan
35.1598,1.58114,0.4,nan,nan
35.7255,1.58114,0.4,-0.766752,nan
36.1255,0,0.4,-0.577074,nan
36.5255,0,0.4,-1.02519,nan
36.9255,0,0.4,-0.390069,nan
37.3255,0,0.4,-0.170259,nan
37.7255,0,0.4,0.579375,nan
38.1255,1.58114,0.4,nan,nan
38.6912,1.58114,0.4,0.423068,nan
39.0912,0,0.565685,-1.34301,nan
39.4912,0,0.4,-1.11674,nan
39.8912,0,0.4,0.367407,nan
40.2912,0,0.4,0.944993,nan
40.6912,1.58114,0.4,nan,nan
41.2569,1.58114,0.4,0.915552,nan
41.6569,0,0.4,0.0385654,nan
42.0569,0,0.4,0.703305,nan
42.4569,0,0.4,-0.258735,nan
42.8569,0,0.565685,0.678084,nan
43.2569,0,0.4,0.149919,nan
43.6569,1.58114,0.4,nan,nan
44.2225,1.58114,0.4,-1.98946,nan
44.6225,0,0.4,0.206459,nan
45.0225,0,0.4,-0.246124,nan
45.4225,1.58114,0.4,nan,nan
45.9882,3.12792e-14,0.8,nan,nan
46.5539,3.15858e-14,1.13137,-0.0469412,0.0100078
47.1196,3.12792e-14,1.26491,1.07532,-1.34094
47.6853,6.2865e-14,1.6,0.267591,-2.28011
48.251,9.41442e-14,2,0.552456,-2.72275
48.8167,3.12792e-14,1.64924,-1.30083,-2.23864
49.3823,3.15858e-14,1.44222,-0.354257,-1.98496
49.948,3.12792e-14,1.2,0.605486,-0.389906
50.5137,6.2865e-14,0.8,-0.734116,0.225165
51.0794,9.41442e-14,0.4,nan,0.566818
51.6451,1.58114,0.4,-0.0662632,nan
52.0451,0,0.4,-0.0201383,nan
52.4451,0,0.4,-0.20093,nan
52.8451,0,0.4,-0.384059,nan
53.2451,0,0.4,0.310019,nan
53.6451,0,0.4,-0.149567,nan
54.0451,0,0.4,-0.0353444,nan
54.4451,0,0.565685,-0.305698,nan
54.8451,0,0.894427,-0.163846,nan
55.2451,0,0.8,0.0577331,nan
55.6451,0,0.8,-0.461751,1.73209
56.0451,0,0.8,0.0151558,-0.0695934
56.4451,0,0.894427,1.43576,0.986242
56.8451,0,0.8,0.243486,0.463436
57.2451,0,0.8,-0.547337,-0.764875
57.6451,0,0.8,-0.0714941,-0.788943
58.0451,0,0.8,0.4365,1.02311
58.4451,0,0.894427,0.554829,1.05287
58.8451,0,1.13137,0.131859,-0.647071
59.2451,0,1.2,0.709532,-0.558637
59.6451,0,1.2,-0.244018,0.00552624
60.0451,0,1.26491,-0.90245,0.122
60.4451,0,1.44222,-0.810513,-0.515656
60.8451,0,1.6,1.05744,-0.0270227
61.2451,0,1.6,0.53198,0.546206
61.6451,0,1.6,-0.0792877,-0.32354
62.0451,0,1.6,-0.0783027,0.519071
62.4451,0,1.6,-0.284826,-0.319231
62.8451,0,1.64924,-0.362303,-1.52855
63.2451,0,1.78885,0.843493,-0.392377
63.6451,1.58114,2,-0.111747,1.14815
64.2108,3.15858e-14,1.6,-0.32963,-0.107135
64.7765,3.12792e-14,1.2,-1.06993,1.12655
65.3421,1.58114,0.894427,0.753943,0.100384
65.7421,0,1.13137,0.436846,1.49927
66.1421,0,1.2,-0.768877,-0.310302
66.5421,0,1.2,-0.471155,-0.0274698
66.9421,0,1.2,-0.668672,-0.812998
67.3421,0,1.26491,-0.524158,-0.431594
67.7421,0,1.2,0.305375,1.37315
68.1421,0,1.26491,0.674755,0.38567
68.5421,0,1.44222,0.78376,-0.229879
68.9421,0,1.6,0.437327,0.0181559
69.3421,0,1.6,0.385288,-0.2382
69.7421,0,1.6,0.339986,0.725172
70.1421,0,1.6,0.645471,0.981759
70.5421,0,1.6,0.938061,0.138653
70.9421,0,1.6,1.66062,0.242273
71.3421,0,1.6,0.51878,0.985124
71.7421,0,1.64924,0.282195,0.531502
72.1421,0,1.78885,1.11544,-1.41319
72.5421,0,2,1.00348,-1.95533
72.9421,0,2,-0.405549,-0.626058
73.3421,1.58114,2,1.47322,1.0869
73.9078,9.41442e-14,1.6,1.3686,1.77919
74.4735,1.58114,1.26491,-0.199021,1.55357
74.8735,0,1.44222,-0.0742981,0.752717
75.2735,0,1.6,0.957934,-1.26722
75.6735,0,1.64924,-0.333472,0.801101
76.0735,0,1.78885,0.254572,0.46438
76.4735,0,2,-1.35941,0.0968273
76.8735,0,2,-3.4143,1.27059
77.2735,0,2.03961,-1.16271,2.67026
77.6735,0,2,0.230077,2.15653
78.0735,0,2,-0.499785,1.50661
78.4735,0,2,-0.828337,0.750395
78.8735,0,2,-1.45038,-0.287675
79.2735,0,2.03961,0.0985632,-1.44364
79.6735,0,2,1.22711,-1.54074
80.0735,0,2,-0.652172,0.156101
80.4735,0,2,0.264508,0.201466
80.8735,0,1.78885,0.237676,-0.693318
81.2735,0,1.64924,-0.288572,-0.577066
81.6735,0,1.6,0.194883,0.097175
82.0735,0,1.6,1.95041,-0.12159
82.4735,0,1.6,0.0921932,-0.207725
82.8735,0,1.6,0.494867,1.30433
83.2735,0,1.6,-0.634233,0.789017
83.6735,0,1.44222,-0.223053,0.498419
84.0735,0,1.26491,0.302348,0.180714
84.4735,0,1.2,-0.448852,-1.43464
84.8735,0,1.2,0.106156,-0.691865
85.2735,0,1.2,0.0278456,1.11521
85.6735,0,1.2,-0.830486,0.890318
86.0735,0,1.13137,0.115833,-0.0318908
86.4735,0,0.894427,0.401048,nan
86.8735,0,0.8,-0.186018,nan
87.2735,0,0.8,0.736278,nan
87.6735,0,0.8,-0.707706,nan
88.0735,0,0.8,-0.0369909,nan
88.4735,0,0.8,-0.320962,nan
88.8735,0,0.8,0.383872,nan
89.2735,0,0.565685,-0.191533,nan
89.6735,0,0.4,0.758789,nan
90.0735,0,0.4,-0.50256,nan
90.4735,0,0.4,-0.441656,nan
90.8735,0,0.4,-0.710416,nan
91.2735,0,0.565685,0.137409,nan
91.6735,0,0.4,0.7134,nan
92.0735,1.58114,0.4,nan,nan
92.6392,1.58114,0.4,0.373006,nan
93.0392,0,0.565685,0.250891,nan
93.4392,0,0.4,-1.28606,nan
93.8392,0,0.4,-0.0189304,nan
94.2392,0,0.4,0.701335,nan
94.6392,0,0.4,-0.972321,nan
95.0392,1.58114,0.4,nan,nan
95.6049,1.58114,0.4,0.0272279,nan
96.0049,0,0.4,0.125388,nan
96.4049,0,0.4,-1.34734,nan
96.8049,0,0.4,-1.84592,nan
97.2049,0,0.4,-0.131082,nan
97.6049,0,0.4,0.746718,nan
98.0049,1.58114,0.4,nan,nan
98.5706,1.58114,0.4,-0.700112,nan
98.9706,0,0.4,-2.80286,nan
99.3706,0,0.4,-0.359513,nan
99.7706,0,0.4,0.318359,nan
100.171,0,0.4,0.0610331,nan
100.571,1.58114,0.4,nan,nan
101.136,1.58114,0.4,0.262956,nan
101.536,0,0.4,-0.264192,nan
101.936,0,0.4,0.00102093,nan
102.336,0,0.4,0.647678,nan
102.736,0,0.4,2.08065,nan
103.136,0,0.4,0.334895,nan
103.536,0,0.4,nan,nan
103.936,1.58114,0.4,nan,nan
104.502,1.58114,0.4,0.200257,nan
104.902,0,0.4,0.379076,nan
105.302,0,0.4,-1.26843,nan
105.702,0,0.4,-0.946833,nan
106.102,0,0.4,-0.10581,nan
106.502,1.58114,0.4,nan,nan
107.068,1.58114,0.4,-0.421717,nan
107.468,0,0.4,-0.0337915,nan
107.868,0,0.4,-0.301262,nan
108.268,0,0.565685,0.41038,nan
108.668,0,0.4,-0.00944723,nan
109.068,0,0.4,0.350605,nan
109.468,1.58114,0.4,nan,nan
110.033,1.58114,0.4,-0.334545,nan
110.433,0,0.565685,0.30989,nan
110.833,0,0.4,-0.918692,nan
111.233,0,0.4,-0.123648,nan
111.633,0,0.4,0.171006,nan
112.033,1.58114,0.4,nan,nan
112.599,1.58114,0.4,0.192013,nan
112.999,0,0.4,0.167117,nan
113.399,0,0.4,1.07026,nan
113.799,0,0.4,1.63188,nan
114.199,0,0.4,0.428038,nan
114.599,0,0.4,-0.330884,nan
114.999,1.58114,0.4,nan,nan
115.565,1.58114,0.4,0.208614,nan
115.965,0,0.4,0.0925239,nan
116.365,0,0.4,0.629294,nan
116.765,0,0.4,-0.558812,nan
117.165,0,0.4,0.0272201,nan
117.565,0,0.4,-0.691058,nan
117.965,1.58114,0.4,nan,nan
118.53,1.58114,0.4,-0.559019,nan
118.93,0,0.4,-0.211132,nan
119.33,0,0.4,0.809053,nan
119.73,0,0.4,-0.608781,nan
120.13,1.58114,0.4,nan,nan
120.696,1.58114,0.4,0.809493,nan
121.096,0,0.565685,-0.0832277,nan
121.496,0,0.4,0.613401,nan
121.896,0,0.4,0.310127,nan
122.296,0,0.4,0.552219,nan
122.696,0,0.4,-1.05936,nan
123.096,1.58114,0.4,nan,nan
123.662,1.58114,0.4,0.387009,nan
124.062,0,0.4,0.225152,nan
124.462,0,0.4,0.371793,nan
124.862,0,0.4,0.234829,nan
125.262,0,0.4,0.0657568,nan
125.662,0,0.4,-0.034665,nan
126.062,0,0.4,-0.219792,nan
126.462,1.58114,0.4,nan,nan
127.027,1.58114,0.4,0.690496,nan
127.427,0,0.4,1.09056,nan
127.827,0,0.4,1.35744,nan
128.227,0,0.4,-1.09311,nan
128.627,0,0.4,-0.839905,nan
129.027,0,0.4,-0.708363,nan
129.427,0,0.4,nan,nan
129.827,1.58114,0.4,nan,nan
130.393,1.58114,0.4,nan,nan
130.793,0,0.4,-0.0721412,nan
131.193,0,0.4,-0.989667,nan
131.593,0,0.565685,-1.91269,nan
131.993,0,0.4,0.795177,nan
132.393,1.58114,0.4,nan,nan
132.959,1.58114,0.4,-0.41218,nan
133.359,0,0.4,-0.706652,nan
133.759,0,0.4,-0.429336,nan
134.159,0,0.4,-0.100289,nan
134.559,1.58114,0.4,nan,nan
135.124,1.58114,0.4,-0.448894,nan
135.524,0,0.4,-0.0421782,nan
135.924,0,0.4,-0.659821,nan
136.324,0,0.4,0.310494,nan
136.724,0,0.4,0.512115,nan
137.124,0,0.4,0.213228,nan
137.524,1.58114,0.4,nan,nan
138.09,1.58114,0.4,0.103384,nan
138.49,0,0.4,0.355958,nan
138.89,0,0.4,0.941991,nan
139.29,0,0.4,0.32588,nan
139.69,0,0.4,0.612678,nan
140.09,0,0.565685,-0.242123,nan
140.49,1.58114,0.4,nan,nan
141.056,1.58114,0.4,0.152695,nan
141.456,0,0.4,-0.246883,nan
141.856,0,0.4,0.166912,nan
142.256,0,0.4,0.159061,nan
142.656,0,0.4,0.518913,nan
143.056,0,0.4,0.20144,nan
143.456,1.58114,0.4,nan,nan
144.022,1.58114,0.4,0.853361,nan
144.422,0,0.4,2.40975,nan
144.822,0,0.4,0.695882,nan
145.222,0,0.4,-0.196472,nan
145.622,0,0.4,0.760378,nan
146.022,1.58114,0.4,nan,nan
146.587,1.58114,0.4,-0.738444,nan
146.987,0,0.4,-0.446174,nan
147.387,0,0.4,-0.745923,nan
147.787,0,0.4,-0.147072,nan
148.187,0,0.4,-1.11855,nan
148.587,0,0.4,-0.189631,nan
148.987,0,0.4,-0.106957,nan
149.387,0,0.4,nan,nan
149.787,1.58114,0.4,nan,nan
150.353,1.58114,0.4,nan,nan
150.753,0,0.4,-0.848824,nan
151.153,0,0.4,-0.262459,nan
151.553,0,0.565685,-0.565567,nan
151.953,1.58114,0.4,nan,nan
152.519,1.58114,0.4,-0.201015,nan
152.919,0,0.4,0.796133,nan
153.319,0,0.4,1.90868,nan
153.719,0,0.4,-1.1423,nan
154.119,0,0.4,-0.304807,nan
154.519,1.58114,0.4,nan,nan
155.084,1.58114,0.4,0.462045,nan
155.484,0,0.4,-0.289802,nan
155.884,0,0.4,-0.285944,nan
156.284,0,0.4,-0.0922112,nan
156.684,0,0.4,0.656687,nan
157.084,0,0.4,-0.366516,nan
157.484,1.58114,0.4,nan,nan
158.05,1.58114,0.4,0.195871,nan
158.45,0,0.4,0.374863,nan
158.85,0,0.4,-0.812253,nan
159.25,0,0.4,-0.466805,nan
159.65,0,0.4,0.148467,nan
160.05,0,0.4,0.0976897,nan
160.45,0,0.4,-0.341057,nan
160.85,1.58114,0.4,nan,nan
161.416,1.58114,0.4,nan,nan
161.816,0,0.4,0.129166,nan
162.216,0,0.565685,0.43067,nan
162.616,0,0.4,0.0396798,nan
163.016,0,0.4,0.397388,nan
163.416,1.58114,0.4,nan,nan
163.981,1.58114,0.4,-0.888936,nan
164.381,0,0.4,-1.28658,nan
164.781,0,0.4,0.256477,nan
165.181,0,0.4,0.327433,nan
165.581,0,0.565685,1.75464,nan
165.981,1.58114,0.4,nan,nan
166.547,1.58114,0.4,-0.283565,nan
166.947,0,0.4,-0.94061,nan
167.347,0,0.4,0.23127,nan
167.747,0,0.4,0.846189,nan
168.147,0,0.4,0.00882892,nan
168.547,0,0.4,0.219325,nan
168.947,0,0.4,nan,nan
169.347,0,0.4,nan,nan
169.747,1.58114,0.4,nan,nan
170.313,1.58114,0.4,1.09483,nan
170.713,0,0.4,0.724023,nan
171.113,0,0.4,0.738471,nan
171.513,0,0.4,-0.349217,nan
171.913,1.58114,0.4,nan,nan
172.478,1.58114,0.4,0.124682,nan
172.878,0,0.4,0.466687,nan
173.278,0,0.4,-1.12979,nan
173.678,0,0.4,-1.7615,nan
174.078,0,0.4,-2.0539,nan
174.478,0,0.4,-0.973817,nan
174.878,0,0.4,nan,nan
175.278,1.58114,0.4,nan,nan
175.844,1.58114,0.4,nan,nan
176.244,0,0.4,-0.224508,nan
176.644,0,0.4,-0.157688,nan
177.044,1.58114,0.4,nan,nan
177.61,1.58114,0.4,1.0354,nan
178.01,0,0.4,0.46816,nan
178.41,0,0.4,0.166301,nan
178.81,0,0.4,-0.131363,nan
179.21,0,0.4,-1.18032,nan
179.61,0,0.4,-0.427488,nan
180.01,0,0.4,-0.187985,nan
180.41,1.58114,0.4,nan,nan
180.975,1.58114,0.4,-0.318325,nan
181.375,0,0.4,0.353262,nan
181.775,0,0.565685,-0.301895,nan
182.175,0,0.4,-1.39012,nan
182.575,0,0.4,-1.26473,nan
182.975,0,0.4,-0.195735,nan
183.375,1.58114,0.4,nan,nan
183.941,1.58114,0.4,0.104262,nan
184.341,0,0.4,0.502527,nan
184.741,0,0.4,-0.15034,nan
185.141,0,0.4,-0.307406,nan
185.541,0,0.565685,0.32415,nan
185.941,0,0.4,0.0435478,nan
186.341,0,0.4,nan,nan
186.741,0,0.4,nan,nan
187.141,0,0.4,nan,nan
187.541,1.58114,0.4,nan,nan
188.107,1.58114,0.4,nan,nan
188.507,1.58114,0.4,nan,nan
189.072,1.58114,0.4,0.508765,nan
189.472,0,0.4,0.609561,nan
189.872,0,0.4,0.454392,nan
190.272,0,0.4,-3.35331,nan
190.672,0,0.4,-5.36188,nan
191.072,0,0.4,-2.67109,nan
191.472,1.58114,0.4,nan,nan
192.038,1.58114,0.4,-1.38834,nan
192.438,0,0.4,-0.613422,nan
192.838,0,0.4,0.308822,nan
193.238,0,0.4,-1.09022,nan
193.638,0,0.4,0.406048,nan
194.038,0,0.4,0.426018,nan
194.438,1.58114,0.4,nan,nan
195.004,1.58114,0.4,0.435943,nan
195.404,0,0.4,0.115326,nan
195.804,0,0.4,-0.231407,nan
196.204,0,0.4,-1.15783,nan
196.604,0,0.4,-2.39235,nan
197.004,0,0.4,-0.564237,nan
197.404,0,0.4,0.753325,nan
197.804,1.58114,0.4,nan,nan
198.37,1.58114,0.4,-0.881533,nan
198.77,0,0.4,5.26254,nan
199.17,0,0.4,0.821646,nan
199.57,0,0.4,-0.0281044,nan
199.97,1.58114,0.4,nan,nan
200.535,1.58114,0.4,0.226876,nan
200.935,0,0.4,0.61376,nan
201.335,0,0.4,0.70855,nan
201.735,0,0.565685,0.954401,nan
202.135,0,0.4,-3.23506,nan
202.535,0,0.4,-3.51585,nan
202.935,1.58114,0.4,nan,nan
203.501,1.58114,0.4,-0.357231,nan
203.901,0,0.4,1.00458,nan
204.301,0,0.4,1.40594,nan
204.701,0,0.4,4.7596,nan
205.101,0,0.4,-0.833445,nan
205.501,0,0.4,-0.781153,nan
205.901,1.58114,0.4,nan,nan
206.467,1.58114,0.4,-1.30701,nan
206.867,0,0.4,0.694036,nan
207.267,0,0.4,-0.852917,nan
207.667,0,0.4,-1.15046,nan
208.067,0,0.4,-0.166297,nan
208.467,0,0.4,-0.288705,nan
208.867,0,0.4,0.0644033,nan
209.267,1.58114,0.4,nan,nan
209.832,1.58114,0.4,-1.85751,nan
210.232,0,0.4,0.496727,nan
210.632,0,0.4,-0.284357,nan
211.032,0,0.4,0.955837,nan
211.432,1.58114,0.4,nan,nan
211.998,1.58114,0.4,0.25034,nan
212.398,0,0.565685,0.454365,nan
212.798,0,0.4,0.315271,nan
213.198,0,0.4,0.28025,nan
213.598,0,0.4,-0.301235,nan
213.998,0,0.4,-0.243789,nan
214.398,1.58114,0.4,nan,nan
214.964,1.58114,0.4,-0.278475,nan
215.364,0,0.4,-0.66734,nan
215.764,0,0.4,-1.07942,nan
216.164,0,0.4,-0.691245,nan
216.564,0,0.4,-0.694773,nan
216.964,0,0.4,-0.30408,nan
217.364,0,0.4,0.214211,nan
217.764,0,0.4,nan,nan
218.164,1.58114,0.4,nan,nan
218.729,1.58114,0.4,nan,nan
219.129,0,0.4,0.913724,nan
219.529,0,0.4,1.65604,nan
219.929,0,0.4,1.20436,nan
220.329,0,0.4,nan,nan
220.729,0,0.4,nan,nan
221.129,1.58114,0.4,nan,nan
221.695,1.58114,0.4,nan,nan
222.095,0,0.4,-0.0205553,nan
222.495,0,0.4,0.093295,nan
222.895,1.58114,0.4,nan,nan
223.461,1.58114,0.4,-0.982547,nan
223.861,0,0.4,-0.550321,nan
224.261,0,0.4,0.0928295,nan
224.661,0,0.4,-0.0564605,nan
225.061,0,0.4,0.469451,nan
225.461,0,0.4,nan,nan
225.861,1.58114,0.4,nan,nan
226.426,1.58114,0.4,-0.301271,nan
226.826,0,0.4,0.550512,nan
227.226,0,0.4,-0.24228,nan
227.626,0,0.4,0.105464,nan
228.026,0,0.4,0.494331,nan
228.426,0,0.4,-0.314953,nan
228.826,0,0.4,-0.56641,-0.697851
229.226,0,0.4,-0.281618,-0.505656
229.626,0,0.565685,-0.489812,0.171882
230.026,0,0.894427,0.298039,0.0931079
230.426,0,1.13137,-0.0722185,-0.839612
230.826,0,0.894427,-0.544145,-0.904044
231.226,0,0.565685,-0.166126,-0.915805
231.626,0,0.4,-0.529038,nan
232.026,0,0.4,-0.51778,nan
232.426,0,0.565685,0.135734,nan
232.826,1.58114,0.4,0.251371,nan
233.392,1.58114,0.4,1.37239,nan
233.792,0,0.4,-0.561135,nan
234.192,0,0.4,-0.385349,nan
234.592,0,0.4,-0.189807,nan
234.992,0,0.4,-0.0914419,nan
235.392,0,0.4,0.0408751,nan
235.792,0,0.4,-0.294261,nan
236.192,1.58114,0.4,nan,nan
236.758,1.58114,0.4,0.893527,nan
237.158,0,0.4,-0.228869,nan
237.558,0,0.565685,0.382204,nan
237.958,0,0.4,0.0854241,nan
238.358,0,0.4,-0.299822,nan
238.758,1.58114,0.4,nan,nan
239.323,1.58114,0.4,0.0195935,nan
239.723,0,0.4,0.210746,nan
240.123,0,0.4,0.402463,nan
240.523,0,0.4,-0.328421,nan
240.923,0,0.4,-0.484364,nan
241.323,0,0.4,0.208431,nan
241.723,1.58114,0.4,nan,nan
242.289,1.58114,0.4,-0.190626,nan
242.689,0,0.4,-0.255032,nan
243.089,0,0.4,0.00780259,nan
243.489,0,0.565685,-0.29622,nan
243.889,0,0.4,-0.527896,nan
244.289,0,0.4,-0.562325,nan
244.689,1.58114,0.4,nan,nan
245.255,1.58114,0.4,-0.333132,nan
245.655,0,0.4,0.855633,nan
246.055,0,0.4,2.17053,nan
246.455,0,0.4,2.48695,nan
246.855,0,0.4,-0.22716,nan
247.255,0,0.4,0.276361,nan
247.655,1.58114,0.4,nan,nan
248.221,1.58114,0.4,0.429224,nan
248.621,0,0.565685,-0.494779,nan
249.021,0,0.4,-0.389821,nan
249.421,0,0.4,0.0263178,nan
249.821,0,0.4,-1.53726,nan
250.221,0,0.4,-1.65472,nan
250.621,1.58114,0.4,nan,nan
251.186,1.58114,0.4,-0.31158,nan
251.586,0,0.4,2.34582,nan
251.986,0,0.4,1.09895,nan
252.386,0,0.4,0.864964,nan
252.786,0,0.4,0.326857,nan
253.186,0,0.4,0.936388,nan
253.586,1.58114,0.4,nan,nan
254.152,1.58114,0.4,-0.651431,nan
254.552,0,0.4,-1.29649,nan
254.952,0,0.4,-0.893369,nan
255.352,0,0.4,-0.992897,nan
255.752,0,0.4,-0.137954,nan
256.152,1.58114,0.4,nan,nan
256.718,1.58114,0.4,3.10656,nan
257.118,0,0.4,1.35092,nan
257.518,0,0.4,-0.183279,nan
257.918,0,0.4,-0.917987,nan
258.318,0,0.4,0.947561,nan
258.718,0,0.4,2.32109,nan
259.118,0,0.4,2.94846,nan
259.518,1.58114,0.4,nan,nan
260.083,1.58114,0.4,-1.33407,nan
260.483,0,0.4,-1.68023,nan
260.883,0,0.4,-2.64363,nan
261.283,0,0.4,-1.18593,nan
261.683,0,0.4,0.196345,nan
262.083,1.58114,0.4,nan,nan
262.649,1.58114,0.4,-1.72761,nan
263.049,0,0.4,-1.14347,nan
263.449,0,0.4,0.0704085,nan
263.849,0,0.4,0.534452,nan
264.249,0,0.4,-0.251184,nan
264.649,0,0.4,0.153757,nan
265.049,1.58114,0.4,nan,nan
265.615,1.58114,0.4,0.537329,nan
266.015,0,0.4,-0.320867,nan
266.415,0,0.4,0.752642,nan
266.815,0,0.4,1.21057,nan
267.215,0,0.4,-0.089258,nan
267.615,0,0.4,-0.553352,nan
268.015,1.58114,0.4,nan,nan
268.58,1.58114,0.4,0.978767,nan
268.98,0,0.4,6.76892,nan
269.38,0,0.4,8.20651,nan
269.78,0,0.565685,6.57279,nan
270.18,0,0.4,3.94373,nan
270.58,0,0.4,5.10368,nan
270.98,1.58114,0.4,nan,nan
271.546,1.58114,0.4,0.427708,nan
271.946,0,0.565685,4.97096,nan
272.346,0,0.4,4.99877,nan
272.746,0,0.4,0.182165,nan
273.146,0,0.4,-2.9485,nan
273.546,0,0.565685,3.29031,nan
273.946,1.58114,0.4,nan,nan
274.512,1.58114,0.4,-6.69564,nan
274.912,0,0.565685,0.334334,nan
275.312,0,0.4,-0.471417,nan
275.712,0,0.4,4.02723,nan
276.112,0,0.4,14.5633,nan
276.512,0,0.4,7.35079,nan
276.912,1.58114,0.4,nan,nan
277.477,1.58114,0.4,-9.86737,nan
277.877,0,0.4,2.63915,nan
278.277,0,0.4,7.14893,nan
278.677,0,0.4,1.04904,nan
279.077,0,0.4,0.481959,nan
279.477,0,0.4,0.157702,nan
279.877,0,0.4,-5.79648,nan
280.277,1.58114,0.4,nan,nan
280.843,1.58114,0.4,-0.289787,nan
281.243,0,0.4,-0.17559,nan
281.643,0,0.4,1.69282,nan
282.043,0,0.565685,3.77848,nan
282.443,0,0.4,2.03454,nan
282.843,1.58114,0.4,nan,nan
283.409,1.58114,0.4,-0.256438,nan
283.809,0,0.4,0.409284,nan
284.209,0,0.4,0.131851,nan
284.609,0,0.4,0.144324,nan
285.009,0,0.4,0.538301,nan
285.409,0,0.4,-1.56359,nan
285.809,1.58114,0.4,nan,nan
286.374,1.58114,0.4,-2.41275,nan
286.774,0,0.4,-0.349616,nan
287.174,0,0.4,0.992414,nan
287.574,0,0.4,3.14413,nan
287.974,0,0.4,9.40951,nan
288.374,0,0.4,23.9722,nan
288.774,1.58114,0.4,nan,nan
289.34,1.58114,0.4,-0.19821,nan
289.74,0,0.4,0.695792,nan
290.14,0,0.4,1.53158,nan
290.54,0,0.4,2.44621,nan
290.94,0,0.565685,2.42189,nan
291.34,0,0.4,1.38917,nan
291.74,1.58114,0.4,nan,nan
292.306,1.58114,0.4,-22.8433,nan
292.706,0,0.4,0.792944,nan
293.106,0,0.4,1.77475,nan
293.506,0,0.4,1.55885,nan
293.906,0,0.4,2.38374,nan
294.306,1.58114,0.4,nan,nan
294.871,1.58114,0.4,-3.05171,nan
295.271,0,0.4,0.592665,nan
295.671,0,0.4,0.846425,nan
296.071,0,0.4,0.334944,nan
296.471,0,0.565685,1.06455,nan
296.871,0,0.4,1.49959,nan
297.271,0,0.4,8.90618,nan
297.671,1.58114,0.4,nan,nan
298.237,1.58114,0.4,-4.54032,nan
298.637,0,0.4,0.45089,nan
299.037,0,0.4,3.20603,nan
299.437,0,0.4,8.44965,nan
299.837,1.58114,0.4,nan,nan
300.403,1.58114,0.4,-1.61724,nan
300.803,0,0.565685,0.702173,nan
301.203,0,0.8,2.44499,28.1003
301.603,0,0.8,6.61936,21.0855
302.003,0,0.8,6.08138,13.9009
302.403,0,0.565685,8.33792,8.97742
302.803,0,0.4,10.7986,17.487
303.203,0,0.4,23.7575,33.8598
303.603,1.58114,0.4,2.10371,39.4016
304.169,1.58114,0.4,-8.70493,38.5061
304.569,1.58114,0.4,-7.5525,36.5067
305.134,1.58114,0.4,-3.54959,59.1865
305.534,1.58114,0.565685,-7.79312,60.426
306.1,1.88595e-13,0.4,-11.7554,51.5639
306.666,1.58114,0.4,-0.285759,27.344
307.066,0,0.565685,0.0926389,46.0859
307.466,0,0.8,0.620875,25.0168
307.866,0,0.894427,0.513214,21.937
308.266,0,0.8,0.400693,36.495
308.666,0,0.8,2.59029,57.047
309.066,0,0.894427,7.87243,52.6005
309.466,0,0.8,7.69962,48.9691
309.866,1.58114,0.4,-11.616,44.5603
310.431,1.58114,0.4,-3.52035,65.7017
310.831,0,0.4,8.43674,56.1325
311.231,0,0.4,10.5224,59.7316
311.631,0,0.4,19.067,36.8832
312.031,0,0.4,22.3689,11.2278
312.431,0,0.565685,22.138,2.85089
312.831,0,0.565685,12.2639,20.3262
313.231,1.58114,0.4,-25.769,38.0507
313.797,1.58114,0.4,-6.49703,44.2795
314.197,1.58114,0.4,-10.017,29.3578
314.763,1.58114,0.4,-9.90891,13.5394
315.163,0,0.4,13.6886,20.6321
315.563,0,0.4,12.701,7.54302
315.963,0,0.565685,16.8288,0.0228268
316.363,0,0.8,11.6795,10.4562
316.763,0,0.8,16.5428,24.8484
317.163,0,0.565685,31.9539,38.9524
317.563,1.58114,0.4,2.50379,40.7659
318.128,6.25584e-14,0.4,-12.3123,27.1589
318.694,1.58114,0.4,-12.2047,43.2445
319.094,0,0.4,8.84211,31.9412
319.494,0,0.4,10.5942,50.6121
319.894,0,0.4,13.676,30.0134
320.294,0,0.4,8.18246,16.8051
320.694,0,0.4,5.12917,33.0822
321.094,1.58114,0.4,-28.4212,32.5061
321.66,1.58114,0.4,-13.5959,1.48061
322.06,0,0.4,8.00862,6.89655
322.46,0,0.4,5.81215,6.31635
322.86,0,0.4,4.32916,6.37662
323.26,0,0.4,3.11747,3.91003
323.66,0,0.565685,4.40423,21.5226
324.06,0,0.894427,19.4029,42.6223
324.46,0,0.8,14.0976,26.5538
324.86,1.58114,0.8,11.6122,3.0547
325.425,1.25423e-13,0.4,-23.9533,44.7252
325.991,1.58114,0.4,-8.6834,51.3038
326.391,0,0.4,24.0095,48.0206
326.791,0,0.4,22.1144,37.7244
327.191,0,0.4,15.5192,14.8151
327.591,1.58114,0.4,-6.4045,28.8504
328.157,6.2865e-14,0.4,-24.0432,32.3424
328.722,1.58114,0.4,-10.1064,36.9747
329.122,0,0.4,19.7583,29.1054
329.522,0,0.565685,7.38459,23.5724
329.922,0,0.565685,7.89494,26.0689
330.322,1.58114,0.4,-9.38201,29.8618
330.888,1.58114,0.4,-21.4438,36.6883
331.288,1.58114,0.4,-15.4852,23.872
331.854,1.58114,0.4,-6.54989,2.42635
332.254,1.58114,0.4,-9.04491,27.304
332.82,1.58114,0.4,-10.3746,61.5203
333.22,1.58114,0.4,-12.8274,35.5986
333.785,6.25584e-14,0.4,-17.5577,57.6161
334.351,1.58114,0.4,-0.380871,32.3562
334.751,0,0.4,2.58011,51.1591
335.151,0,0.565685,4.79328,23.3729
335.551,0,0.8,5.86553,10.8363
335.951,0,0.894427,9.57779,9.23322
336.351,0,1.13137,10.5539,11.8736
336.751,0,1.26491,8.70353,10.7919
337.151,0,1.2,8.91431,12.9137
337.551,0,1.13137,13.1644,11.7892
337.951,0,0.894427,26.7377,17.4782
338.351,0,0.565685,27.8455,27.162
338.751,1.58114,0.4,-5.60628,21.1991
339.317,1.58114,0.4,-9.57493,36.9579
339.717,1.58114,0.4,-15.0867,47.9531
340.282,0,0.4,-22.8714,67.5173
340.848,1.58114,0.4,-3.74256,70.496
341.248,0,0.4,1.90622,78.1953
341.648,1.58114,0.4,-8.87418,78.2685
342.214,1.58114,0.4,-4.72714,32.4909
342.614,0,0.565685,-0.0189183,43.8455
343.014,0,0.8,1.36143,21.2104
343.414,0,0.894427,0.554219,22.757
343.814,0,1.13137,0.886931,36.0896
344.214,0,1.13137,2.91635,46.3446
344.614,0,0.894427,4.65684,46.3782
345.014,0,0.565685,9.16105,46.328
345.414,0,0.4,8.85874,47.0431
345.814,0,0.4,11.3194,25.6624
346.214,0,0.565685,23.0066,4.97565
346.614,1.58114,0.4,-26.7592,-1.23604
347.179,1.58114,0.4,-22.2075,56.3214
347.579,1.58114,0.4,-16.4016,56.4795
348.145,1.58114,0.4,-2.69587,70.7806
348.545,0,0.4,3.37484,66.0544
348.945,0,0.4,7.01237,55.833
349.345,0,0.565685,7.00832,35.7001
349.745,0,0.4,6.65353,21.5216
350.145,1.58114,0.4,-28.2808,-2.04075
350.711,1.25423e-13,0.894427,-25.5346,18.5889
351.276,6.2865e-14,1.44222,-10.7406,6.2503
351.842,6.2865e-14,1.78885,-1.29233,-1.101
352.408,1.25423e-13,2.03961,0.253404,0.810802
352.973,1.2573e-13,2.4,-1.07005,0.919645
353.539,1.25423e-13,2.56125,-0.163976,-0.651884
354.105,6.2865e-14,2.68328,4.20365,-0.307695
354.67,6.2865e-14,2.88444,6.59993,-0.236932
355.236,1.25423e-13,2.88444,-0.340956,0.0671993
355.802,1.2573e-13,2.82843,-1.63291,5.87043
356.368,1.25423e-13,2.68328,-0.764959,5.78538
356.933,6.2865e-14,2.56125,2.57878,0.726922
357.499,6.2865e-14,2.52982,2.93993,-1.0354
358.065,1.25423e-13,2.33238,-0.871914,1.80355
358.63,1.2573e-13,2.15407,-4.66853,3.11904
359.196,1.25423e-13,2,1.25636,-0.545306
359.762,6.2865e-14,2,0.141704,-1.82646
360.327,6.2865e-14,2,0.134013,-0.456138
360.893,1.25423e-13,2,-2.54222,0.15612
361.459,1.2573e-13,2,-4.95767,1.20103
362.024,9.41442e-14,2,-3.62854,1.39167
362.59,3.15858e-14,1.6,1.92475,-0.396726
363.156,1.57009e-13,1.2,-0.883381,-0.226034
363.721,1.57009e-13,0.8,-0.326375,-0.278397
364.287,1.2573e-13,0.4,0.790844,nan
364.853,9.41442e-14,0.4,0.636915,nan
365.418,3.15858e-14,0.4,0.185248,nan
365.984,1.57009e-13,0.8,-0.875791,-1.23194
366.55,1.57009e-13,1.2,-1.43294,-0.957255
367.116,1.2573e-13,1.6,0.0901252,-1.63889
367.681,9.41442e-14,1.6,0.548566,-1.68662
368.247,3.15858e-14,1.2,-0.604578,0.862124
368.813,1.57009e-13,0.8,-0.663826,1.58668
369.378,1.57009e-13,0.565685,1.41276,0.581505
369.944,1.2573e-13,0.565685,0.50503,nan
370.51,9.41442e-14,0.8,-0.394905,-3.13514
371.075,3.15858e-14,1.2,-0.143305,-0.655326
371.641,1.57009e-13,1.6,1.86635,3.11135
372.207,1.57009e-13,2,0.821215,3.54652
372.772,1.2573e-13,2.03961,1.89553,2.87551
373.338,9.41442e-14,1.6,1.55783,-0.807047
373.904,3.15858e-14,1.26491,1.12906,-0.916884
374.469,1.57009e-13,1.13137,0.498125,0.330534
375.035,1.57009e-13,1.26491,0.300369,-2.4579
375.601,1.2573e-13,1.6,-1.7861,-2.72856
376.167,9.41442e-14,2,-1.21269,1.37094
376.732,3.15858e-14,2.15407,1.69373,5.161
377.298,1.57009e-13,2.43311,-0.0755136,5.11003
377.864,1.57009e-13,2.8,-0.263456,3.75664
378.429,1.2573e-13,3.2,0.550133,1.89122
378.995,9.41442e-14,2.82843,0.0335233,1.12273
379.561,3.15858e-14,2.4,1.74358,1.04353
380.126,1.57009e-13,2,0.127821,-1.9002
380.692,1.57009e-13,1.64924,-0.976499,-3.88685
381.258,1.2573e-13,1.44222,1.1623,-1.01483
381.823,9.41442e-14,1.44222,2.31772,4.77321
382.389,3.15858e-14,1.44222,1.31206,1.031
382.955,1.57009e-13,1.64924,-0.480075,1.7448
383.52,1.57009e-13,2,-1.57121,4.92928
384.086,1.2573e-13,2,2.08889,-5.97054
384.652,9.41442e-14,1.64924,-1.83127,-7.82229
385.217,3.15858e-14,1.44222,0.391498,11.1767
385.783,1.57009e-13,1.44222,9.37923,9.05942
386.349,1.57009e-13,1.2,1.52497,1.38792
386.915,1.2573e-13,0.8,3.97686,14.271
387.48,9.41442e-14,0.4,4.17881,10.9714
388.046,3.15858e-14,0.4,3.76992,24.3918
388.612,1.57009e-13,0.4,-1.00608,16.596
389.177,1.57009e-13,0.8,5.04694,13.4737
389.743,1.2573e-13,0.4,-4.63535,10.6767
390.309,9.41442e-14,0.4,9.81144,-9.29345
390.874,3.15858e-14,0.4,15.3052,-8.04722
391.44,1.58114,0.894427,6.6216,-13.1366
391.84,0,1.13137,2.98407,2.63191
392.24,0,0.894427,6.70511,12.9727
392.64,0,0.8,3.7029,22.0592
393.04,0,0.565685,-3.86831,22.1813
393.44,0,0.4,-1.17514,21.1977
393.84,0,0.565685,3.26215,28.2551
394.24,0,0.8,-1.59814,34.4352
394.64,0,0.565685,-8.45184,26.454
395.04,0,0.4,-10.5171,21.5239
395.44,1.58114,0.4,-4.93233,6.09147
396.006,1.57009e-13,0.4,28.294,30.939
396.571,1.58114,0.4,-0.781793,28.295
396.971,1.58114,0.4,2.65899,66.6773
397.537,1.58114,0.4,-9.76417,87.889
397.937,1.58114,0.4,-12.1945,64.7268
398.503,1.58114,0.4,8.404,39.8309
398.903,0,0.8,-37.9879,7.66995
399.303,0,1.2,-23.8605,5.63771
399.703,1.58114,1.13137,15.3559,6.46716
400.268,1.58114,0.565685,26.739,7.31585
400.668,0,0.4,-14.341,20.0269
401.068,0,0.4,-7.50365,27.9628
401.468,1.58114,0.4,27.8707,21.1066
402.034,1.58114,0.4,12.5279,61.4246
402.434,0,0.4,-7.62415,69.4462
402.834,1.58114,0.4,6.22326,69.6857
403.4,1.58114,0.4,2.69553,76.7246
403.8,0,0.4,-27.931,64.2218
404.2,1.58114,0.4,1.90522,66.1352
404.766,9.41442e-14,0.4,5.29091,62.8872
405.331,1.58114,0.4,-11.1476,43.24
405.731,0,0.8,-36.32,22.5428
406.131,0,1.2,-21.2047,15.026
406.531,0,1.6,-16.7494,15.1429
406.931,0,1.6,-8.70116,23.7232
407.331,0,1.64924,-4.2259,15.8281
407.731,0,1.78885,-3.82998,6.31236
408.131,0,2,-3.84859,8.86771
408.531,0,2,-2.43,11.3951
408.931,0,2.03961,-1.53615,13.7607
409.331,1.58114,2,-3.11722,16.0179
409.897,1.58114,1.6,-3.87855,10.3576
410.297,0,1.6,-2.28832,10.2698
410.697,0,1.44222,-0.913734,2.58384
411.097,0,1.13137,-0.987522,-0.583622
411.497,0,0.894427,-4.35642,1.22048
411.897,0,0.8,-1.22773,0.951234
412.297,0,0.8,2.08071,7.38068
412.697,0,0.8,7.52843,16.0752
413.097,0,0.8,10.4778,44.3982
413.497,0,0.8,6.97061,72.7156
413.897,0,0.8,7.13209,62.0389
414.297,0,0.565685,3.67298,55.292
414.697,0,0.4,3.84199,53.7807
415.097,1.58114,0.4,0.716195,51.0514
415.663,1.57009e-13,0.4,3.01515,54.8404
416.228,1.2573e-13,0.4,4.64364,43.6382
416.794,9.41442e-14,0.4,-2.14537,36.4735
417.36,3.15858e-14,0.8,-9.76905,13.5115
417.925,1.57009e-13,0.4,-2.49287,-21.7262
418.491,1.57009e-13,0.4,-nan,-23.2843
419.057,1.2573e-13,0.565685,-nan,23.7399
419.622,9.41442e-14,0.565685,-nan,7.55419
420.188,3.15858e-14,0.565685,-nan,-17.3449
420.754,1.58114,0.565685,-nan,-nan
421.154,0,0.4,-nan,-nan
421.554,0,0.4,-nan,-nan
421.954,1.58114,0.4,-nan,-nan
422.519,1.58114,0.4,-nan,-nan
422.919,1.58114,0.4,-nan,-nan
423.485,9.41442e-14,0.4,-nan,-nan
424.051,1.58114,0.894427,-nan,-nan
424.451,0,0.894427,-nan,-7.44073
424.851,0,0.8,-nan,-7.78803
425.251,0,0.565685,-nan,-8.43704
425.651,1.58114,0.4,-nan,-8.32399
426.216,1.58114,0.4,-0.846455,49.0965
426.616,1.58114,0.4,-nan,53.5679
427.182,9.41442e-14,0.4,-15.757,56.6293
427.748,1.25423e-13,0.4,-14.1062,47.3442
428.314,1.57009e-13,0.4,-15.4503,41.8486
428.879,1.57009e-13,0.8,-6.67132,26.5841
429.445,3.12792e-14,1.13137,-2.23664,12.8725
430.011,9.41442e-14,1.26491,0.263537,4.32269
430.576,1.25423e-13,1.6,2.72226,-1.43184
431.142,1.57009e-13,2,3.69673,1.05999
431.708,1.57009e-13,2.4,-0.108251,4.62951
432.273,3.12792e-14,2.8,2.92346,-nan
432.839,9.41442e-14,3.2249,0.769571,-nan
433.405,1.25423e-13,3.68782,1.83159,-nan
433.97,1.57009e-13,3.77359,0.239173,1.98976
434.536,1.57009e-13,3.93954,-2.06429,3.05821
435.102,3.12792e-14,4.17612,-2.23642,-nan
435.667,9.41442e-14,4.47214,5.76195,-nan
436.233,1.25423e-13,4.47214,-2.1025,-nan
436.799,1.57009e-13,4.32666,-1.38353,-nan
437.365,1.57009e-13,4.25206,-2.15649,-2.57205
437.93,3.12792e-14,4.25206,0.513953,-3.12396
438.496,9.41442e-14,4.07922,-0.973228,-0.293199
439.062,1.25423e-13,3.79473,-1.13476,-2.33676
439.627,1.57009e-13,3.57771,-0.39102,-6.39838
440.193,1.57009e-13,3.44093,6.01279,-3.17872
440.759,3.12792e-14,3.39411,3.68476,-3.77521
441.324,9.41442e-14,3.44093,4.06021,-7.47514
441.89,1.09784e-13,3.57771,-0.517458,-2.41809
442.456,1.25423e-13,3.57771,-0.381373,-0.776691
443.021,1.58114,3.2249,-1.01739,-6.53523
443.421,0,2.82843,2.15604,-4.04651
443.821,0,2.43311,-2.26698,-6.65846
444.221,0,2.03961,-5.01036,-6.31237
444.621,0,1.64924,-2.04056,-4.0416
445.021,0,1.26491,-0.314735,-4.85727
445.421,0,0.894427,-0.489533,-5.14076
445.821,0,0.565685,-0.151105,-4.02756
446.221,0,0.4,0.434229,-3.43961
446.621,0,0.4,0.0591045,-2.22528
447.021,0,0.4,-2.89671,nan
447.421,0,0.565685,-3.53014,nan
447.821,0,0.4,-0.803364,nan
448.221,0,0.4,nan,nan
448.621,1.58114,0.4,2.8093,nan
449.187,1.4137e-13,0.4,6.31137,nan
449.753,1.4137e-13,0.4,4.33176,nan
450.318,1.2573e-13,0.4,0.198634,nan
450.884,1.58114,0.4,-0.630341,-0.841087
451.284,0,0.4,-1.24239,nan
451.684,1.58114,0.4,-1.26805,2.79221
452.25,1.4137e-13,0.4,6.58892,nan
452.815,1.2573e-13,0.4,2.46167,nan
453.381,1.25423e-13,0.8,-4.82314,nan
453.947,1.2573e-13,1.2,-7.46106,7.653
454.513,1.56396e-14,1.13137,1.78318,-5.76198
455.078,1.4137e-13,1.13137,0.637026,nan
455.644,1.2573e-13,0.8,-0.847022,0.566226
456.21,1.58114,0.4,-4.17764,1.25887
456.61,1.58114,0.4,-4.98589,-1.35062
457.175,1.58114,0.4,-2.35167,4.16742
457.575,0,0.565685,-0.147516,7.36389
457.975,0,0.894427,nan,-0.0690377
458.375,1.58114,1.2,nan,-0.77294
458.941,1.4137e-13,0.894427,-5.551,nan
459.507,1.2573e-13,0.894427,1.23435,nan
460.072,0,0.8,1.03114,nan
460.638,1.25423e-13,0.4,0.54631,nan
461.204,1.4137e-13,0.4,-0.101992,nan
461.769,1.4137e-13,0.8,1.3874,nan
462.335,1.2573e-13,0.894427,0.493055,nan
462.901,0,0.894427,0.671756,nan
463.466,1.25423e-13,0.894427,1.10722,nan
464.032,1.4137e-13,0.8,-0.20166,nan
464.598,1.4137e-13,0.4,-1.01963,nan
465.163,1.58114,0.4,-0.852309,nan
465.563,1.58114,0.565685,nan,nan
466.129,1.25423e-13,0.8,1.29162,nan
466.695,1.2573e-13,0.4,-10.8138,nan
467.261,1.58114,0.4,0.0703942,nan
467.661,1.58114,0.4,-0.434367,nan
468.226,1.56396e-14,0.4,0.955928,nan
468.792,1.58114,0.4,0.274954,nan
469.192,0,0.4,nan,nan
469.592,1.58114,0.4,-0.653064,nan
470.158,1.58114,0.4,-0.72375,nan
470.558,0,0.4,nan,nan
470.958,1.58114,0.4,-0.409007,nan
471.523,1.2573e-13,0.4,0.0513916,nan
472.089,1.58114,0.4,-0.143696,nan
472.489,0,0.4,nan,nan
472.889,1.58114,0.4,0.295538,nan
473.455,1.4137e-13,0.4,nan,nan
474.02,1.2573e-13,0.4,nan,nan
474.586,1.58114,0.4,-0.227269,nan
474.986,0,0.4,nan,nan
475.386,0,0.4,nan,nan
475.786,1.58114,0.4,nan,nan
476.352,1.2573e-13,0.4,nan,nan
476.917,1.09784e-13,0.4,2.015,nan
477.483,1.58114,0.4,1.06532,nan
477.883,1.58114,0.4,0.10151,nan
478.449,1.25423e-13,0.8,0.382107,nan
479.014,1.2573e-13,0.4,-0.730993,nan
479.58,1.58114,0.4,0.42736,nan
479.98,0,0.565685,nan,nan
480.38,0,0.4,nan,nan
480.78,1.58114,0.4,0.642136,nan
481.346,1.4137e-13,0.4,nan,nan
481.912,1.58114,0.4,-0.789723,nan
482.312,0,0.4,4.40822,nan
482.712,0,0.4,6.63788,nan
483.112,0,0.4,2.63752,4.41766
483.512,0,0.4,6.22174,13.2027
483.912,1.58114,0.565685,nan,52.5423
484.477,1.2573e-13,1.13137,0.597228,22.7
485.043,0,1.2,0.438909,10.3293
485.609,1.09784e-13,0.8,-1.6271,6.75143
486.174,1.09784e-13,0.4,-3.57847,55.9282
486.74,1.58114,0.4,2.24823,77.2819
487.14,1.58114,0.4,1.35916,46.6561
487.706,1.58114,0.4,-0.501522,36.519
488.106,0,0.4,36.1825,35.8982
488.506,0,0.565685,52.2437,22.1439
488.906,1.58114,0.565685,-16.5918,35.9104
489.471,1.2573e-13,0.565685,-20.1649,70.8491
490.037,1.56396e-14,0.4,-6.486,97.2822
490.603,1.4137e-13,0.4,-0.522112,67.9735
491.168,1.2573e-13,0.4,-4.42608,46.0185
491.734,1.25423e-13,0.4,-1.83905,61.1719
492.3,1.2573e-13,0.4,-1.86837,67.299
492.865,1.58114,0.4,-0.343026,62.8986
493.265,0,0.565685,-1.39954,66.2614
493.665,0,0.8,3.82474,62.9829
494.065,0,0.8,19.2931,34.1967
494.465,0,0.565685,22.0614,27.2108
494.865,1.58114,0.4,-23.1493,53.4638
495.431,1.58114,0.4,-0.0765444,61.6295
495.831,0,0.4,36.0069,58.8736
496.231,0,0.4,31.481,52.7993
496.631,1.58114,0.4,-12.3549,28.718
497.197,1.58114,0.4,0.39266,72.6811
497.597,1.58114,0.4,-5.2634,53.1285
498.162,1.2573e-13,0.4,-27.288,37.88
498.728,1.58114,0.4,-0.210309,15.083
499.128,0,0.4,-0.287981,34.0465
499.528,0,0.565685,0.174409,9.29749
499.928,0,0.894427,0.71249,7.56094
500.328,0,1.13137,2.06912,11.872
500.728,0,0.894427,13.2961,13.571
501.128,0,0.8,12.9511,20.0483
501.528,0,0.565685,7.35555,30.6685
501.928,0,0.4,0.617583,37.182
502.328,0,0.4,1.13809,31.9555
502.728,1.58114,0.4,-7.51961,52.4777
503.294,1.58114,0.4,-6.22265,28.1254
503.694,0,0.4,2.41262,47.4191
504.094,0,0.4,-1.83891,38.413
504.494,0,0.565685,-1.4616,43.8155
504.894,0,0.8,-0.60214,43.2168
505.294,0,0.8,1.2419,18.0017
505.694,0,0.894427,3.47924,1.0646
506.094,0,0.894427,2.2016,5.90018
506.494,0,0.565685,4.96074,9.25172
506.894,0,0.4,1.19608,7.96293
507.294,1.58114,0.4,0.441601,81.3237
507.86,1.58114,0.4,-0.593461,63.722
508.26,0,0.565685,1.72732,70.5698
508.66,0,0.8,0.512349,36.8274
509.06,0,0.894427,-0.00227373,8.28645
509.46,0,1.13137,-4.33997,6.92553
509.86,0,1.13137,-1.41509,14.5085
510.26,0,0.894427,-2.44975,21.0062
510.66,0,0.8,-2.50362,15.3803
511.06,0,0.8,-0.630124,35.8661
511.46,0,0.8,0.286732,53.6417
511.86,0,0.8,-1.24958,30.4382
512.26,0,0.894427,-1.61665,40.6227
512.66,0,0.8,-0.149249,59.7382
513.06,0,0.894427,1.1864,37.4562
513.46,0,0.894427,1.46884,19.469
513.86,0,0.8,0.886371,9.62747
514.26,0,0.8,-0.959114,26.2642
514.66,0,0.894427,-0.423965,54.988
515.06,0,0.8,0.597819,37.5547
515.46,0,0.8,2.34804,18.0361
515.86,0,0.8,0.374365,8.06323
516.26,0,0.894427,-0.0743322,-0.140137
516.66,0,1.13137,0.453707,5.29624
517.06,0,1.44222,3.47146,4.76596
517.46,0,1.69706,2.15721,-5.14698
517.86,0,1.64924,-0.180903,-4.66925
518.26,0,1.6,0.376903,-0.139721
518.66,0,1.44222,-0.490797,2.64229
519.06,0,1.26491,-2.99806,0.265477
519.46,0,1.2,-1.17518,-2.33193
519.86,0,1.2,0.363093,0.149314
520.26,0,1.2,1.01271,-0.106495
520.66,0,1.26491,-3.37095,0.169736
521.06,0,1.44222,-4.89301,1.28035
521.46,0,1.64924,-0.862568,0.653119
521.86,0,1.78885,0.259294,-3.35577
522.26,0,2,1.43219,-5.20325
522.66,0,2,1.26807,-2.09167
523.06,0,1.69706,0.982089,-0.343081
523.46,0,1.44222,0.72275,-0.46786
523.86,0,1.26491,-0.0753082,-0.316251
524.26,0,1.2,1.20124,-1.01186
524.66,0,0.894427,3.74032,-1.47394
525.06,0,0.565685,2.95236,-2.0218
525.46,0,0.4,2.0348,-4.50397
525.86,1.58114,0.4,-0.0298073,-75.7656
526.425,1.17757e-13,0.4,-0.974981,-27.023
526.991,1.58114,0.4,-1.4876,-2.65699
527.391,0,0.4,2.26723,-15.6926
527.791,0,0.565685,5.477,-17.1536
528.191,1.58114,0.4,0.572835,-65.9903
528.757,1.58114,0.4,-4.67238,-67.5205
529.157,1.58114,0.4,-3.0972,-49.272
529.722,1.58114,0.4,-0.305246,-5.30066
530.122,0,0.4,1.72581,-14.962
530.522,1.58114,0.4,1.57438,-50.3068
531.088,1.09784e-13,0.4,1.58122,-33.9667
531.654,1.58114,0.4,-0.0572755,-0.329729
532.054,0,0.4,-1.15845,-21.5215
532.454,0,0.4,-0.169831,-17.8751
532.854,0,0.565685,0.46483,-20.9327
533.254,0,0.4,0.394992,-29.8656
533.654,0,0.565685,1.42488,-20.743
534.054,0,0.8,3.60362,-1.61614
534.454,0,0.565685,0.0205139,-16.9882
534.854,0,0.4,-1.60415,-43.1097
535.254,0,0.4,0.667486,-50.954
535.654,0,0.565685,3.53805,-45.174
536.054,0,0.4,0.677271,-23.466
536.454,0,0.4,5.05792,-6.44533
536.854,0,0.565685,19.0467,-2.24626
537.254,1.58114,0.4,-15.3603,-38.7454
537.819,1.58114,0.4,-2.30063,-26.3797
538.219,1.58114,0.4,-2.41166,-32.4384
538.785,1.58114,0.4,1.55263,-30.5672
539.185,0,0.4,0.648237,-25.8433
539.585,0,0.4,-2.65194,-13.7419
539.985,0,0.565685,-4.52219,-0.422873
540.385,0,0.894427,-2.41945,1.85078
540.785,0,1.26491,-1.48281,-0.198082
541.185,0,1.64924,-0.596636,0.159594
541.585,0,2.03961,-0.0647125,3.2928
541.985,0,2.43311,0.52921,3.49388
542.385,0,2.82843,1.57599,-0.022611
542.785,0,3.2249,-1.01357,2.61998
543.185,0,3.62215,-0.825065,7.25126
543.585,0,3.44093,0.51163,7.25237
543.985,0,3.2249,0.882367,3.49336
544.385,0,3.04631,0.107448,0.0800374
544.785,1.58114,2.91204,-0.30897,0.544097
545.351,0,3.2249,-0.498859,-0.631118
545.916,1.09784e-13,3.04631,-0.157004,-1.25645
546.482,1.09784e-13,2.52982,0.26771,-0.575227
547.048,1.25423e-13,2.03961,0.720363,-3.30299
547.613,1.2573e-13,1.6,1.394,-2.12242
548.179,0,1.2,0.620697,-3.00043
548.745,1.09784e-13,0.8,-0.3722,-19.1856
549.311,1.09784e-13,0.4,-0.0444593,-34.8728
549.876,1.25423e-13,0.4,0.274327,-39.6395
550.442,1.2573e-13,0.4,-0.241337,-47.9085
551.008,1.56396e-14,0.4,-0.980236,-46.0678
551.573,1.58114,0.4,1.11294,-40.9121
551.973,1.58114,0.4,2.85361,-36.8526
552.539,1.25423e-13,0.4,-3.11295,-41.8636
553.105,1.58114,0.4,-1.00332,-24.7002
553.505,1.58114,0.4,0.577432,-43.3955
554.07,1.25423e-13,0.4,0.826302,-38.9211
554.636,1.4137e-13,0.4,-2.89517,-31.4379
555.202,1.58114,0.4,0.0437292,-24.2342
555.602,0,0.565685,9.32883,-29.2107
556.002,1.58114,0.4,-0.214964,-47.6609
556.567,1.58114,0.4,0.161127,-39.0576
556.967,1.58114,0.4,0.242149,-59.0779
557.533,1.58114,0.4,-0.167964,-35.4363
557.933,0,0.4,0.580587,-41.0711
558.333,1.58114,0.4,-0.121256,-64.0554
558.899,1.58114,0.4,0.0609128,-66.5426
559.299,1.58114,0.4,0.183372,-58.8516
559.864,1.58114,0.4,-0.0309182,-0.168622
560.264,0,0.4,-0.561526,-15.4779
560.664,0,0.4,0.574202,-22.7887
561.064,0,0.4,0.306665,-34.0341
561.464,0,0.4,0.362842,-18.8516
561.864,0,0.4,0.408852,-0.816215
562.264,0,0.565685,0.632989,-1.24051
562.664,0,0.8,-1.60429,-8.9897
563.064,0,0.8,2.00041,-22.6447
563.464,1.58114,0.565685,-0.583005,-44.0241
564.03,2.35514e-13,0.8,-1.47199,-0.374267
564.596,0,0.8,-0.132031,-11.6408
565.161,0,0.565685,-0.296431,-33.5742
565.727,0,0.565685,0.400967,-46.8
566.293,2.35514e-13,0.4,-2.29872,-53.1292
566.859,2.35514e-13,0.4,-0.636133,-51.6771
567.424,1.58114,0.4,0.832791,-42.3156
567.824,0,0.4,0.73049,-48.1402
568.224,1.58114,0.4,0.206957,-13.4158
568.79,2.51153e-13,0.8,-13.8257,-7.55018
569.356,2.51153e-13,1.2,-0.0561115,-0.978976
569.921,1.56396e-14,1.6,-0.11167,-0.211138
570.487,1.56396e-14,2,-0.611629,-0.711058
571.053,0,2,1.21568,-2.96987
571.618,2.51153e-13,2,-0.379847,-2.73755
572.184,2.51153e-13,2.15407,-0.489723,-5.80964
572.75,1.56396e-14,2.43311,-0.467981,-1.35423
573.315,1.56396e-14,2.8,-0.0165832,-0.16489
573.881,0,3.2,0.711882,-0.913694
574.447,2.51153e-13,3.6,0.206208,-0.796916
575.012,2.51153e-13,4,-0.735017,-0.155368
575.578,1.56396e-14,4.41814,-0.152673,-0.433445
576.144,1.56396e-14,4.41814,0.970641,-0.436308
576.709,0,4.07922,-0.0204646,-0.746726
577.275,2.51153e-13,3.79473,-0.0271519,-1.38179
577.841,2.51153e-13,3.57771,0.290378,-0.298875
578.407,1.56396e-14,3.4176,1.52152,1.48512
578.972,1.56396e-14,3.2249,1.74484,1.27049
579.538,0,3.1241,0.310019,2.39058
580.104,2.51153e-13,3.1241,-0.309386,-0.454427
580.669,2.51153e-13,3.1241,0.957246,-0.0368463
581.235,1.56396e-14,3.1241,0.494064,0.0327957
581.801,1.56396e-14,2.88444,2.11805,-0.235902
582.366,0,2.33238,2.04834,1.01245
582.932,2.51153e-13,1.78885,-2.39705,0.461175
583.498,2.51153e-13,1.26491,0.472839,-nan
584.063,1.56396e-14,0.8,-1.13024,0.145712
584.629,1.56396e-14,0.4,-0.858158,28.3003
585.195,0,0.4,-0.792678,66.729
585.76,2.51153e-13,0.4,-3.47946,58.7818
586.326,2.51153e-13,0.4,-3.22717,21.4886
586.892,1.56396e-14,0.894427,0.75672,0.882641
587.458,1.56396e-14,1.2,1.18003,1.03127
588.023,0,1.44222,0.346245,-0.955804
588.589,2.51153e-13,1.64924,2.01761,-1.8901
589.155,2.51153e-13,2,0.819558,-0.104119
589.72,1.56396e-14,2.15407,0.153444,1.09582
590.286,1.56396e-14,2.33238,0.717248,0.532073
590.852,0,2.52982,1.0995,2.75856
591.417,2.51153e-13,2.82843,-1.49213,0.650115
591.983,2.51153e-13,2.68328,-1.09571,0.180536
592.549,1.56396e-14,2.56125,-1.77041,-1.85753
593.114,1.56396e-14,2.56125,-0.401355,0.0331586
593.68,0,2.52982,-0.182372,2.50459
594.246,2.35514e-13,2.33238,-1.28012,1.26323
594.811,2.19874e-13,2.15407,-1.72369,0.919
595.377,3.15858e-14,2,0.338809,0.581714
595.943,3.12792e-14,2,0.259355,0.675598
596.508,3.15858e-14,1.78885,-0.468932,-1.9723
597.074,2.51153e-13,1.69706,0.273819,-1.44328
597.64,2.19874e-13,1.64924,-0.082932,-0.365118
598.206,3.15858e-14,1.44222,0.624101,0.225938
598.771,3.12792e-14,1.44222,0.554107,-0.532888
599.337,3.15858e-14,1.44222,0.0603005,-0.0886644
599.903,2.51153e-13,1.6,0.409995,-0.17233
600.468,2.19874e-13,1.26491,0.308414,0.290971
601.034,3.15858e-14,1.13137,-0.307143,-0.306007
601.6,3.12792e-14,0.8,-0.259626,-20.4358
602.165,3.15858e-14,0.565685,-0.631171,-38.4952
602.731,2.51153e-13,0.565685,-0.964224,-37.5682
603.297,1.58114,0.4,-0.280907,-50.6115
603.697,1.58114,0.4,-0.291398,-55.3697
604.262,3.12792e-14,0.4,-0.387255,-58.4481
604.828,3.15858e-14,0.4,-0.1182,-44.4458
605.394,0,0.4,-0.201023,-19.2773
605.959,2.82433e-13,0.8,0.517406,-23.2645
606.525,2.82433e-13,0.565685,0.254424,-29.8537
607.091,3.12792e-14,0.565685,0.0607503,-39.712
607.657,3.15858e-14,0.8,-0.0475475,-47.4414
608.222,0,0.894427,-0.128678,-34.8884
608.788,2.82433e-13,0.894427,1.36844,-8.42331
609.354,2.82433e-13,0.894427,0.777093,-16.1168
609.919,3.12792e-14,0.4,1.26005,nan
610.485,3.15858e-14,0.4,nan,-2.6232
611.051,1.58114,0.4,3.49711,nan
611.451,0,0.4,nan,nan
611.851,0,0.4,-nan,nan
612.251,0,0.4,-nan,-3.17827
612.651,1.58114,0.4,0.849774,-2.34319
613.216,2.19874e-13,0.4,0.868412,-2.82615
613.782,2.19874e-13,0.8,0.539453,-nan
614.348,3.15858e-14,0.8,1.30157,-7.06279
614.913,0,0.565685,7.30547,nan
615.479,3.12792e-14,0.565685,9.42602,nan
616.045,2.19874e-13,0.8,11.2412,-8.58337
616.61,2.19874e-13,0.565685,7.72407,-14.4899
617.176,3.15858e-14,0.4,23.6247,-23.6388
617.742,1.58114,0.4,-2.54834,-0.755056
618.142,1.58114,0.4,-1.49179,-28.6763
618.707,1.58114,0.4,-5.49203,-51.88
619.107,0,0.4,-11.3696,-71.0626
619.507,0,0.4,-12.9724,-56.2012
619.907,0,0.565685,-13.1253,-39.04
620.307,1.58114,0.4,-3.88941,-30.3544
620.873,2.19874e-13,0.4,-0.729822,-41.1586
621.439,2.19874e-13,0.8,3.69727,-29.7708
622.005,3.15858e-14,0.565685,6.17379,-20.0654
622.57,0,0.8,-3.45171,-23.1009
623.136,3.12792e-14,1.13137,-2.10131,-20.5543
623.702,2.19874e-13,1.13137,-2.19171,-10.4871
624.267,2.19874e-13,1.13137,3.18652,-0.0344508
624.833,3.15858e-14,0.8,0.00392275,-10.8258
625.399,1.58114,0.4,-0.319189,-62.3775
625.799,1.58114,0.4,-2.66654,-38.9659
626.364,1.58114,0.4,0.917606,-39.5835
626.764,1.58114,0.4,1.13755,-17.4706
627.33,2.19874e-13,0.4,1.5508,-46.045
627.896,1.58114,0.4,-3.96926,-49.1781
628.296,1.58114,0.4,-3.68582,-64.6285
628.861,1.58114,0.4,0.750234,nan
629.261,0,0.4,0.0741866,nan
629.661,0,0.4,0.916492,nan
630.061,1.58114,0.4,-5.02192,nan
630.627,1.58114,0.4,1.20794,-0.799967
631.027,0,0.4,-0.996422,nan
631.427,0,0.4,-0.740369,nan
631.827,0,0.4,-0.309178,nan
632.227,0,0.4,-0.70538,0.0116051
632.627,0,0.4,-0.478255,nan
633.027,0,0.4,0.287285,nan
633.427,0,0.4,0.575726,nan
633.827,0,0.4,1.42773,nan
634.227,0,0.565685,1.28263,0.63816
634.627,0,0.894427,-0.629351,3.20335
635.027,0,1.26491,0.874718,1.47231
635.427,0,1.44222,2.80189,-2.45041
635.827,0,1.69706,5.49298,-1.41003
636.227,0,2,5.83941,-1.07166
636.627,0,2.26274,7.0334,-0.446466
637.027,0,2.4,6.28166,4.55651
637.427,0,2.43311,2.82475,7.52731
637.827,0,2.26274,6.76055,4.13245
638.227,0,2,7.03407,5.19364
638.627,0,1.69706,1.95034,12.634
639.027,0,1.44222,8.36118,8.77271
639.427,0,1.13137,4.34329,8.39918
639.827,0,0.894427,1.87698,17.8641
640.227,0,0.8,13.4843,9.55381
640.627,0,0.565685,9.07648,13.7784
641.027,1.58114,0.4,-2.66812,48.4636
641.593,1.58114,0.4,-9.80638,43.7958
641.993,0,0.4,-6.40434,36.6461
642.393,1.58114,0.4,-1.15536,45.5321
642.958,3.12792e-14,0.8,-7.46653,11.2526
643.524,3.15858e-14,1.2,-3.41788,5.11266
644.09,2.82433e-13,1.26491,-11.9713,5.21503
644.655,2.82433e-13,1.13137,-0.0280251,16.7498
645.221,0,1.13137,0.656268,19.5845
645.787,3.12792e-14,1.26491,1.78087,2.46881
646.353,3.15858e-14,1.6,-0.209888,6.85792
646.918,2.82433e-13,2,-1.2417,4.33113
647.484,2.82433e-13,2.4,-0.102405,0.321273
648.05,0,2.68328,1.04721,-2.34158
648.615,3.12792e-14,2.56125,0.234596,4.59451
649.181,3.15858e-14,2.56125,1.07569,3.23601
649.747,2.82433e-13,2.56125,1.17936,5.7955
650.312,2.82433e-13,2.68328,0.928535,7.51807
650.878,0,2.4,0.747446,2.80214
651.444,3.12792e-14,2,-0.417987,-1.10211
652.009,3.15858e-14,1.64924,-0.0858616,0.748057
652.575,2.82433e-13,1.44222,0.571069,1.73147
653.141,2.82433e-13,1.44222,-0.585587,2.48414
653.706,0,1.64924,0.000950385,1.08301
654.272,3.12792e-14,2,0.198607,1.10923
654.838,3.15858e-14,1.6,-0.011155,1.29597
655.404,2.82433e-13,1.26491,0.071127,0.861017
655.969,2.82433e-13,1.13137,-0.202158,2.44296
656.535,0,1.26491,0.64069,1.78637
657.101,3.12792e-14,1.6,1.5025,-0.423597
657.666,3.15858e-14,1.44222,0.0900729,0.758314
658.232,2.82433e-13,1.44222,5.29447,-2.10693
658.798,2.82433e-13,1.44222,4.59971,-2.62563
659.363,0,1.26491,3.96137,0.970923
659.929,3.12792e-14,1.13137,4.20505,-4.40366
660.495,3.15858e-14,1.26491,-2.57503,-12.3763
661.06,2.51153e-13,1.44222,-3.25125,-5.84022
661.626,2.19874e-13,1.64924,3.01614,-7.20761
662.192,3.15858e-14,1.44222,-7.0411,-7.51961
662.757,3.12792e-14,1.44222,-5.22778,2.16297
663.323,3.15858e-14,1.64924,-4.40814,-1.46315
663.889,2.51153e-13,1.6,-6.92757,-0.652037
664.454,2.19874e-13,1.2,0.297049,-1.14717
665.02,3.15858e-14,0.894427,-0.426158,-0.132224
665.586,3.12792e-14,0.894427,-5.97749,-3.80101
666.152,3.15858e-14,1.2,1.17346,-4.93429
666.717,2.51153e-13,1.26491,-1.31399,-4.05675
667.283,2.19874e-13,1.13137,0.271224,-2.90492
667.849,3.15858e-14,1.26491,1.09837,-5.58563
668.414,3.12792e-14,1.6,-1.29878,-3.18188
668.98,3.15858e-14,2,-1.29282,-1.55509
669.546,2.51153e-13,1.64924,2.22109,1.26722
670.111,2.19874e-13,1.44222,-0.469459,-2.09763
670.677,3.15858e-14,1.44222,0.739141,-2.18071
671.243,3.12792e-14,1.64924,1.47717,-2.62664
671.808,3.15858e-14,1.44222,0.454146,1.24327
672.374,2.51153e-13,1.2,0.0778858,-1.08363
672.94,2.19874e-13,0.894427,-0.308755,-9.76724
673.505,3.15858e-14,0.894427,-1.59139,3.00185
674.071,3.12792e-14,1.2,0.181918,-1.55234
674.637,3.15858e-14,0.894427,-1.32125,-0.271518
675.203,2.51153e-13,0.894427,-0.101786,-11.5857
675.768,2.19874e-13,0.894427,1.74375,-15.3069
676.334,3.15858e-14,1.2,0.779169,-2.90583
676.9,3.12792e-14,1.6,3.16033,-1.95839
677.465,3.15858e-14,1.26491,0.364284,-2.88431
678.031,2.66793e-13,1.13137,-0.238503,-2.0706
678.597,2.51153e-13,1.13137,0.71937,-2.04096
679.162,1.56396e-14,1.13137,-1.56726,-2.60675
679.728,1.56396e-14,1.26491,-2.07676,1.77329
680.294,0,1.44222,0.87624,-0.156807
680.859,2.51153e-13,1.44222,-3.06697,0.615613
681.425,2.51153e-13,1.44222,-1.19956,-1.48729
681.991,1.56396e-14,1.44222,0.218109,-1.7939
682.556,1.56396e-14,1.44222,0.35547,0.168685
683.122,0,1.44222,0.00130425,1.02265
683.688,2.51153e-13,1.44222,0.0775771,-2.41901
684.253,2.51153e-13,1.44222,-2.63779,0.246546
684.819,1.56396e-14,1.44222,-0.801769,-1.48088
685.385,1.56396e-14,1.44222,0.861788,-5.11463
685.951,0,1.44222,1.60711,-11.9602
686.516,2.51153e-13,1.64924,-1.08014,-7.82832
687.082,2.51153e-13,1.44222,1.21718,-4.59012
687.648,1.56396e-14,1.44222,-0.811221,-16.0473
688.213,1.56396e-14,1.64924,2.22133,-19.6967
688.779,0,2,1.77329,-13.7415
689.345,2.51153e-13,2.33238,-1.08826,-1.10591
689.91,2.51153e-13,2.52982,-2.18975,1.58279
690.476,1.56396e-14,2.33238,0.143422,-1.53601
691.042,1.56396e-14,2.26274,1.42821,1.26462
691.607,0,2.03961,3.80518,4.18063
692.173,2.51153e-13,1.78885,-0.600719,2.4627
692.739,2.51153e-13,1.6,0.543168,2.43867
693.304,1.56396e-14,1.26491,0.811901,-0.412013
693.87,1.56396e-14,1.13137,-0.0100884,10.0028
694.436,0,1.26491,3.42855,4.11246
695.002,2.51153e-13,1.6,-1.0131,-0.874901
695.567,2.51153e-13,1.69706,-2.94078,-4.06751
696.133,1.56396e-14,1.64924,1.71358,-2.23489
696.699,1.56396e-14,1.44222,0.681629,2.45918
697.264,0,1.44222,2.07531,2.3766
697.83,2.51153e-13,1.26491,2.21572,1.56003
698.396,2.51153e-13,1.13137,0.0862046,11.5127
698.961,1.56396e-14,0.894427,-0.148813,14.4089
699.527,1.56396e-14,0.894427,4.42816,13.8022
700.093,0,1.13137,-1.74228,0.737066
700.658,2.51153e-13,1.13137,-1.29632,4.76669
701.224,2.51153e-13,1.13137,1.75945,11.9792
701.79,1.56396e-14,0.894427,4.15948,7.46927
702.355,1.56396e-14,0.894427,-1.90335,26.5215
702.921,2.51153e-13,0.894427,-0.667395,38.1781
703.487,2.51153e-13,0.894427,-4.19141,23.1502
704.052,0,1.13137,2.3488,5.73704
704.618,1.56396e-14,1.26491,-0.150102,4.46108
705.184,1.56396e-14,1.6,-1.02457,2.70478
705.75,2.51153e-13,1.69706,-5.68849,-0.12881
706.315,2.51153e-13,1.78885,-0.553805,-3.70205
706.881,0,1.78885,1.45098,-3.0331
707.447,1.56396e-14,1.6,0.481028,1.87216
708.012,1.56396e-14,1.26491,-2.5779,6.08626
708.578,2.51153e-13,1.13137,-2.87388,2.42853
709.144,2.51153e-13,1.13137,-2.91146,1.43876
709.709,0,1.13137,0.605955,12.1806
710.275,1.56396e-14,0.894427,1.1617,5.27559
710.841,1.56396e-14,0.894427,-0.403355,27.5928
711.406,2.51153e-13,0.894427,-0.973215,27.8942
711.972,2.51153e-13,0.894427,1.66427,8.67485
712.538,0,0.894427,0.942581,1.00164
713.103,1.56396e-14,0.4,-0.42738,27.8059
713.669,1.56396e-14,0.4,-1.25952,77.0674
714.235,1.58114,0.4,-0.0646121,85.1795
714.635,0,0.4,34.24,81.7061
715.035,1.58114,0.4,11.1333,80.6855
715.6,0,0.4,-2.52303,76.0279
716.166,1.58114,0.4,0.0444571,74.6115
716.566,1.58114,0.4,0.273948,73.1848
717.132,2.35514e-13,0.565685,-26.3866,25.733
717.698,0,0.8,-11.2889,6.87679
718.263,0,1.13137,-3.71912,4.54961
718.829,0,1.26491,-0.50914,-0.776451
719.395,2.35514e-13,1.2,-3.91494,-1.97464
719.96,2.35514e-13,0.8,-3.76781,-1.70844
720.526,0,0.4,-2.38075,nan
721.092,1.58114,0.4,0.0651888,nan
721.492,0,0.4,-1.06396,nan
721.892,0,0.4,0.056793,nan
722.292,0,0.4,-0.320038,nan
722.692,0,0.4,nan,nan
723.092,1.58114,0.565685,nan,0.498631
723.657,0,0.8,nan,-2.076
724.223,2.35514e-13,0.4,1.53976,nan
724.789,1.58114,0.4,1.77539,nan
725.189,0,0.4,9.69142,nan
725.589,0,0.4,7.58919,nan
725.989,0,0.4,1.28443,nan
726.389,1.58114,0.4,0.900425,27.2574
726.954,1.58114,0.4,0.195414,29.8368
727.354,0,0.565685,5.97976,22.5772
727.754,0,0.8,4.53199,25.1281
728.154,0,0.894427,6.29859,15.9111
728.554,0,0.894427,nan,24.4218
728.954,0,0.565685,nan,45.3731
729.354,1.58114,0.4,-13.6014,21.0706
729.92,0,0.4,-2.98818,nan
730.486,1.58114,0.4,2.08386,nan
730.886,1.58114,0.4,-1.02685,nan
731.451,1.58114,0.4,0.571973,nan
731.851,0,0.565685,2.10085,nan
732.251,0,0.4,-1.00178,nan
732.651,0,0.4,6.98105,3.63702
733.051,0,0.4,21.7562,3.07464
733.451,0,0.565685,27.2175,3.63993
733.851,0,0.894427,40.4802,1.50314
734.251,1.58114,0.565685,26.4356,7.66484
734.817,7.66647e-15,0.4,0.0543748,79.9483
735.383,2.59127e-13,0.4,0.0740181,66.9591
735.949,2.51153e-13,0.4,0.426636,69.6664
736.514,1.58114,0.4,-2.08655,78.3821
736.914,0,0.4,-0.356393,72.8408
737.314,0,0.4,0.0849154,75.221
737.714,0,0.565685,0.157493,76.1364
738.114,0,0.565685,1.44186,74.4203
738.514,0,0.4,0.749421,68.3087
738.914,0,0.565685,-1.22439,37.3261
739.314,0,0.4,-2.88529,5.10303
739.714,0,0.565685,-1.12985,-1.15765
740.114,0,0.894427,-0.809615,-1.50738
740.514,0,1.13137,0.0467248,-0.499754
740.914,0,1.44222,1.11004,1.69618
741.314,0,1.78885,0.493455,2.36172
741.714,0,2.03961,-1.14255,0.966047
742.114,0,2.15407,-0.295721,0.523225
742.514,0,2.33238,-0.800074,-0.69605
742.914,0,2.52982,-0.857295,-0.0269435
743.314,0,2.52982,-1.20384,3.03794
743.714,0,2.43311,-0.715946,2.61743
744.114,0,2.4,-0.840681,1.48298
744.514,0,2.33238,-1.71959,0.0555931
744.914,0,2.15407,-1.35737,-0.446658
745.314,0,2.03961,-0.0245887,-0.00323347
745.714,0,2,-0.719052,-0.158499
746.114,0,2,0.0712991,1.01728
746.514,0,2.03961,0.415708,-0.560441
746.914,0,2.15407,1.3852,-4.43116
747.314,0,2.33238,2.74827,-5.14771
747.714,0,2.4,0.378213,-3.61364
748.114,0,2.4,-0.0433205,-3.71232
748.514,0,2.4,1.18859,-2.97764
748.914,0,2.33238,2.45705,-2.03504
749.314,0,2.15407,1.93612,-5.42292
749.714,0,2.03961,2.11306,-5.04014
750.114,0,1.78885,1.41431,-9.55716
750.514,0,1.44222,1.1416,-13.8906
750.914,0,1.13137,0.356201,-5.28563
751.314,0,0.894427,6.93696,-nan
751.714,0,0.565685,12.4471,-nan
752.114,1.58114,0.4,-6.70683,-48.7488
752.68,0,0.4,-1.51762,-38.3903
753.246,1.58114,0.4,-0.37189,-30.0763
753.646,0,0.4,18.3052,-31.7848
754.046,1.58114,0.4,9.15562,-3.82502
754.611,2.43487e-13,0.894427,-0.637475,-34.0806
755.177,7.66647e-15,0.894427,-2.18005,-30.7948
755.743,7.97313e-15,0.8,-0.770406,-29.3298
756.308,0,0.4,-0.407402,-36.4279
756.874,1.58114,0.4,3.40683,-23.6018
757.274,0,0.4,4.35752,-32.9389
757.674,1.58114,0.4,0.855608,-13.9312
758.24,1.56396e-14,0.894427,-15.4619,-5.23111
758.805,1.56396e-14,1.44222,1.41749,-3.81425
759.371,2.51153e-13,2,0.510563,-0.0258917
759.937,2.51153e-13,2.43311,-0.130314,2.91092
760.502,0,2.91204,-2.94351,1.50544
761.068,1.56396e-14,3.4176,-0.278803,2.54714
761.634,1.56396e-14,3.93954,-1.37363,1.01945
762.199,2.51153e-13,3.6,0.0777936,-0.264736
762.765,2.51153e-13,3.2,0.236046,-0.680767
763.331,0,2.8,-1.47974,-2.39205
763.897,1.56396e-14,2.43311,-0.666592,3.20099
764.462,1.56396e-14,2.15407,0.0540747,2.44924
765.028,2.51153e-13,2,-0.437648,-0.276031
765.594,2.51153e-13,2,0.0790389,-0.737638
766.159,1.56396e-14,2,-1.67884,-1.90296
766.725,1.56396e-14,1.78885,2.33908,-1.9677
767.291,0,1.69706,0.575835,-2.38624
767.856,2.51153e-13,1.69706,-0.347275,-7.58239
768.422,2.51153e-13,1.6,-0.0783405,0.0833384
768.988,1.56396e-14,1.26491,-0.00671263,-2.20844
769.553,1.56396e-14,1.13137,-0.294153,-9.58263
770.119,0,1.13137,-0.512104,-5.43624
770.685,1.58114,1.13137,-4.28768,-4.39074
771.085,1.58114,0.8,3.15017,-38.9086
771.65,0,0.565685,-0.838269,-23.3813
772.216,1.56396e-14,0.565685,-0.413712,-31.9493
772.782,1.56396e-14,0.4,-0.305667,-56.6858
773.348,2.51153e-13,0.4,-0.302328,-34.6576
773.913,1.58114,0.4,0.242528,-26.8363
774.313,0,0.565685,9.56073,-29.1852
774.713,1.58114,0.4,1.77421,-51.8528
775.279,1.58114,0.4,1.28872,-31.4068
775.679,0,0.565685,3.00766,-37.1608
776.079,1.58114,0.4,3.71631,-39.369
776.645,1.56396e-14,0.4,-18.2492,-14.1701
777.21,1.56396e-14,0.4,-3.13639,-4.77412
777.776,0,0.565685,-2.02463,-18.0653
778.342,2.51153e-13,0.565685,-1.42633,-36.4858
778.907,2.51153e-13,0.565685,0.38606,-35.1955
779.473,1.56396e-14,0.8,-0.736975,-25.502
780.039,1.56396e-14,1.2,-0.196582,-11.7923
780.604,0,0.894427,-0.26348,-35.3349
781.17,2.51153e-13,0.8,-0.05311,-47.3643
781.736,2.51153e-13,0.565685,0.0170058,-57.9829
782.301,1.56396e-14,0.4,0.392356,-50.3669
782.867,1.58114,0.4,0.685383,-52.573
783.267,1.58114,0.4,0.0838194,-58.8158
783.833,2.51153e-13,0.4,-0.24826,-36.4062
784.398,1.58114,0.4,3.43251,-41.5171
784.798,1.58114,0.4,4.33661,-57.9813
785.364,1.58114,0.4,0.557452,-58.8534
785.764,1.58114,0.4,6.03108,-57.1301
786.33,2.35514e-13,0.4,-0.740755,-46.1665
786.896,2.35514e-13,0.4,-0.671153,-62.7456
787.461,0,0.4,0.890642,-41.6666
788.027,1.58114,0.4,-0.091675,-33.7363
788.427,0,0.4,9.03763,-38.3529
788.827,0,0.565685,16.8443,-20.3684
789.227,0,0.4,31.2487,-18.4395
789.627,1.58114,0.4,0.156937,-22.8923
790.193,0,0.4,-13.2055,-45.1303
790.758,1.56396e-14,0.4,-1.99283,-59.9836
791.324,2.66793e-13,0.4,-1.62752,-33.6889
791.89,2.51153e-13,0.4,-0.530906,-21.0541
792.455,0,0.565685,0.0372881,-32.0887
793.021,0,0.8,-0.548267,-39.3247
793.587,1.56396e-14,0.4,-2.22221,-50.6062
794.152,1.58114,0.4,-0.0220261,-45.6881
794.552,1.58114,0.4,0.834552,-48.0134
795.118,0,0.4,-0.535903,-70.3194
795.684,0,0.4,0.325607,-36.0917
796.249,1.58114,0.4,1.24918,-24.7011
796.649,1.58114,0.4,8.08329,-25.5304
797.215,2.66793e-13,0.8,-3.79879,-36.1576
797.781,1.56396e-14,0.565685,-0.728881,-48.2369
798.346,0,0.8,-0.438427,-49.2762
798.912,0,0.8,-0.225575,-56.1054
799.478,2.51153e-13,0.4,-0.342118,-48.6461
800.044,1.58114,0.4,0.177604,-50.1652
800.444,1.58114,0.4,0.298287,-68.1792
801.009,1.56396e-14,0.4,0.000938196,-67.5749
801.575,1.58114,0.4,-0.0201947,-60.838
801.975,1.58114,0.4,-0.24593,-54.2824
802.541,2.51153e-13,0.4,0.188655,-37.4616
803.106,0,0.4,-0.098611,-55.1259
803.672,1.58114,0.4,0.0376037,-50.7262
804.072,0,0.4,14.9755,-53.1014
804.472,0,0.4,9.80554,-60.018
804.872,1.58114,0.4,0.571549,-53.3997
805.438,1.58114,0.4,0.350962,-45.6698
805.838,1.58114,0.4,0.952497,-48.2193
806.403,0,0.4,-8.7295,-29.9069
806.969,1.58114,0.4,0.494756,-37.4713
807.369,0,0.4,5.17271,-29.8118
807.769,1.58114,0.4,-0.435268,-51.1237
808.335,1.58114,0.4,-0.284158,-57.2065
808.735,0,0.4,24.3021,-54.5229
809.135,1.58114,0.4,-1.53079,-22.1214
809.7,1.58114,0.4,-0.946384,-44.0035
810.1,1.58114,0.4,-1.73426,-55.8713
810.666,1.58114,0.4,-1.81208,-57.5231
811.066,0,0.4,1.2895,-58.1607
811.466,0,0.4,0.677516,-38.0965
811.866,0,0.4,1.492,-29.9184
812.266,0,0.565685,1.86034,-28.7483
812.666,0,0.4,1.4445,-12.6207
813.066,0,0.565685,1.35088,-14.8625
813.466,0,0.8,2.09007,-19.88
813.866,0,0.8,5.6188,-12.631
814.266,0,0.8,12.1484,-11.9293
814.666,0,0.565685,22.6332,-31.3725
815.066,0,0.4,26.0853,-43.3839
815.466,1.58114,0.4,-3.92707,-28.3021
816.032,2.51153e-13,0.4,-5.11139,-31.8027
816.597,1.56396e-14,0.4,-0.690989,-44.2669
817.163,1.58114,0.4,0.489495,-31.1599
817.563,0,0.4,11.4406,-40.6332
817.963,0,0.4,13.1333,-25.3093
818.363,0,0.4,11.469,-14.6724
818.763,0,0.565685,-0.84433,-29.9425
819.163,1.58114,0.4,-14.8372,-64.5202
819.729,3.15858e-14,0.4,-8.53226,-44.3087
820.295,1.58114,0.4,-0.343071,-12.6702
820.695,0,0.4,-1.44984,-36.7714
821.095,0,0.565685,4.64269,-5.34121
821.495,0,0.8,22.9926,-6.05666
821.895,1.58114,0.565685,-14.2992,-32.6608
822.46,2.19874e-13,0.4,0.0398721,-48.6462
823.026,2.5146e-13,0.4,-2.00989,-45.7678
823.592,1.58114,0.4,-1.10166,-37.7621
823.992,1.58114,0.4,-0.739374,-69.8635
824.557,1.58114,0.4,-0.908683,-41.8233
824.957,0,0.4,1.38868,-54.8623
825.357,0,0.4,1.93744,-35.6967
825.757,0,0.565685,3.22648,-25.0536
826.157,1.58114,0.4,-5.34398,-68.244
826.723,1.58114,0.4,1.11814,-58.2288
827.123,0,0.4,4.95881,-59.7669
827.523,0,0.4,13.686,-73.1712
827.923,0,0.4,25.2205,-50.1093
828.323,1.58114,0.4,-4.17967,-13.1113
828.889,3.15858e-14,0.8,-29.7783,-21.4004
829.454,2.51153e-13,0.565685,-2.25417,-45.3462
830.02,2.19874e-13,0.565685,-2.88214,-39.9733
830.586,3.15858e-14,0.4,-2.14623,-21.0702
831.151,3.12792e-14,0.4,-1.59802,-39.6415
831.717,3.15858e-14,0.4,-0.73715,-34.9715
832.283,1.58114,0.4,-1.22862,-19.9812
832.683,0,0.4,34.0511,-nan
833.083,1.58114,0.4,-1.84664,-24.3367
833.648,3.12792e-14,0.4,-27.6744,-nan
834.214,3.15858e-14,0.4,-1.22633,-55.4449
834.78,1.58114,0.4,0.329984,-41.8124
835.18,0,0.4,-nan,-52.7822
835.58,0,0.4,12.6734,-41.4542
835.98,0,0.4,8.39405,-36.9745
836.38,1.58114,0.4,-22.3385,-44.51
836.945,1.58114,0.4,0.671635,-63.2137
837.345,1.58114,0.4,0.0271424,-52.8551
837.911,1.58114,0.4,-0.577968,-9.37565
838.311,0,0.4,0.490088,-20.1557
838.711,1.58114,0.4,-0.290733,-18.9013
839.277,1.58114,0.4,-0.408019,-59.1483
839.677,0,0.4,-0.466804,-54.3182
840.077,0,0.4,2.73522,-37.1316
840.477,0,0.565685,13.664,-14.0429
840.877,1.58114,0.4,-5.65794,-43.1893
841.443,2.19874e-13,0.4,-25.6092,-33.2175
842.008,1.58114,0.4,-0.489232,-18.6102
842.408,0,0.4,12.0534,-26.0529
842.808,0,0.565685,5.352,-40.895
843.208,1.58114,0.4,0.34466,-55.6681
843.774,2.19874e-13,0.4,-4.76408,-47.4191
844.34,1.58114,0.4,0.405877,-27.6349
844.74,0,0.4,0.722351,-42.1738
845.14,1.58114,0.4,0.389715,-45.4965
845.705,1.58114,0.4,0.550211,-17.3989
846.105,0,0.4,-0.081157,-32.6314
846.505,0,0.4,0.988222,-20.6981
846.905,0,0.4,1.12186,-21.3606
847.305,1.58114,0.4,-4.96472,-50.0544
847.871,1.58114,0.4,0.156958,-35.773
848.271,0,0.4,-0.709357,-41.1667
848.671,0,0.4,0.270747,-29.1494
849.071,0,0.4,0.311048,-30.5493
849.471,0,0.4,0.07256,-35.2403
849.871,0,0.4,0.437258,-40.6487
850.271,1.58114,0.4,-10.8586,-49.5012
850.837,1.58114,0.4,-0.656089,-0.793752
851.237,0,0.4,0.0312454,-10.5361
851.637,0,0.565685,0.564259,-23.2993
852.037,0,0.4,1.00215,-52.1275
852.437,1.58114,0.4,-12.1444,-15.3207
853.002,1.58114,0.4,-0.188042,-1.25497
853.402,0,0.565685,0.0734452,-4.44243
853.802,0,0.8,-0.183919,-3.53532
854.202,0,0.894427,-0.48804,-0.531732
854.602,0,1.13137,0.59737,-1.23701
855.002,0,1.26491,0.437794,-1.63221
855.402,0,1.2,0.37165,-1.35311
855.802,0,1.26491,-0.00286374,-1.5753
856.202,0,1.44222,0.68138,-1.74655
856.602,0,1.64924,0.249547,-1.02543
857.002,0,1.6,0.272188,-0.396015
857.402,0,1.64924,0.276885,1.65955
857.802,0,1.78885,0.241379,2.06393
858.202,0,2,-0.0989362,2.03076
858.602,0,2,0.632273,1.32639
859.002,0,2,0.853711,0.667016
859.402,0,1.78885,0.091955,1.32301
859.802,0,1.44222,-1.26367,0.659708
860.202,0,1.13137,-0.384443,0.893594
860.602,0,0.894427,2.33106,3.42156
861.002,0,0.8,0.175196,23.0662
861.402,0,0.8,-0.100522,39.3944
861.802,0,0.565685,0.361683,37.4525
862.202,0,0.4,0.48582,46.6034
862.602,0,0.565685,-0.637748,55.7295
863.002,0,0.4,9.34448,55.7571
863.402,0,0.4,27.9165,43.1499
863.802,0,0.4,31.5656,37.9626
864.202,0,0.565685,27.4486,55.3287
864.602,1.58114,0.4,-17.3942,33.1262
865.168,2.82433e-13,0.4,-21.7346,70.5968
865.734,1.58114,0.4,-0.59818,70.3093
866.134,1.58114,0.4,-1.14146,70.6179
866.699,1.58114,0.4,-0.754655,74.9699
867.099,0,0.4,3.23604,69.7745
867.499,1.58114,0.4,-15.2887,67.4742
868.065,1.58114,0.4,-0.422472,35.0389
868.465,0,0.565685,11.0843,54.1893
868.865,0,0.894427,14.3477,53.9652
869.265,0,0.8,12.6737,37.9363
869.665,0,0.565685,4.69359,18.7193
870.065,1.58114,0.4,-17.2687,59.0006
870.631,1.58114,0.4,2.4157,59.064
871.031,0,0.4,8.39233,51.3826
871.431,0,0.4,34.1153,37.5823
871.831,1.58114,0.4,5.36299,24.6681
872.396,3.15858e-14,0.565685,-20.6936,37.4017
872.962,3.12792e-14,0.565685,-15.5265,55.7995
873.528,3.15858e-14,0.565685,-1.65045,48.2768
874.094,2.51153e-13,0.4,-4.2849,51.3534
874.659,2.19874e-13,0.4,-3.59963,83.4822
875.225,1.58114,0.4,0.739179,80.4322
875.625,1.58114,0.4,-0.43282,69.6833
876.191,1.58114,0.4,-0.21475,89.5908
876.591,0,0.4,-0.0625336,75.7091
876.991,1.58114,0.4,-5.24633,71.6487
877.556,1.58114,0.4,0.294009,35.9796
877.956,0,0.565685,-0.158612,53.4854
878.356,0,0.8,-1.44518,36.6792
878.756,0,0.894427,-0.85216,30.6065
879.156,0,0.8,-0.607183,25.8561
879.556,0,0.8,12.4038,50.4752
879.956,0,0.565685,45.03,75.9629
880.356,0,0.4,42.4662,77.1628
880.756,1.58114,0.4,1.90788,14.3197
881.322,2.5146e-13,0.4,-40.1417,89.0481
881.888,3.12792e-14,0.4,-29.1168,72.4402
882.453,1.58114,0.4,1.16036,59.0694
882.853,0,0.4,1.64981,67.158
883.253,0,0.4,1.71114,58.7824
883.653,0,0.4,0.545364,60.7779
884.053,0,0.4,0.171624,82.3163
884.453,0,0.4,0.402342,81.877
884.853,0,0.4,-0.203897,38.5545
885.253,0,0.565685,4.57029,7.09155
885.653,0,0.8,13.7316,-0.431816
886.053,0,0.894427,9.54528,26.5597
886.453,0,0.565685,12.9804,53.8892
886.853,1.58114,0.4,-10.4331,79.8959
887.419,1.58114,0.4,-2.10029,47.3729
887.819,0,0.4,50.4704,72.9915
888.219,1.58114,0.4,7.57678,115.2
888.785,1.58114,0.4,-2.44976,116.121
889.185,1.58114,0.4,-6.95772,128.53
889.75,1.58114,0.4,-10.6328,131.576
890.15,1.58114,0.4,-5.53178,137.131
890.716,1.58114,0.4,-0.0740136,99.1859
891.116,0,0.4,0.639477,116.728
891.516,0,0.565685,0.358809,46.9146
891.916,0,0.8,0.677605,3.16194
892.316,0,0.894427,0.537531,2.35966
892.716,0,1.13137,0.0568807,0.787672
893.116,0,1.26491,-0.0384572,0.736153
893.516,0,1.2,-0.472432,0.523489
893.916,0,1.2,-0.464713,-0.87194
894.316,0,1.13137,0.0550018,-1.27893
894.716,0,0.894427,1.327,-1.4084
895.116,0,0.8,2.25381,9.83926
895.516,0,0.8,2.15803,22.3629
895.916,0,0.8,1.91352,20.5955
896.316,0,0.894427,1.93799,19.0641
896.716,0,1.13137,1.8036,11.8338
897.116,0,1.2,1.9618,3.07848
897.516,0,1.2,1.68122,3.18303
897.916,0,1.26491,1.46302,3.7904
898.316,0,1.44222,0.173418,3.13882
898.716,0,1.64924,-0.49397,2.16052
899.116,0,1.78885,-0.957821,-0.592938
899.516,0,2,-1.88433,-2.98773
899.916,0,1.78885,-1.59055,-2.38607
900.316,0,1.64924,-2.05745,-2.14111
900.716,0,1.6,-1.25166,-3.28529
901.116,0,1.6,0.389315,-4.70602
901.516,0,1.44222,3.41889,-5.82341
901.916,0,1.13137,3.98185,-13.051
902.316,0,0.894427,5.01357,-24.3784
902.716,0,0.565685,9.90277,-36.8606
903.116,1.58114,0.4,8.49441,-53.6761
903.682,1.58114,0.4,-1.79745,-48.5379
904.082,1.58114,0.4,-0.561781,-15.9595
904.647,2.19874e-13,0.4,-7.8505,-64.4864
905.213,3.15858e-14,0.4,-6.55342,-61.7923
905.779,3.12792e-14,0.4,-2.79648,-36.2218
906.344,1.58114,0.4,0.22709,-32.068
906.744,1.58114,0.4,0.446247,-50.4363
907.31,1.58114,0.4,0.388237,-29.7506
907.71,1.58114,0.4,0.505804,-27.0821
908.276,3.12792e-14,0.4,-3.87663,-33.6403
908.842,1.58114,0.4,-0.978935,-36.5736
909.242,0,0.4,2.29894,-32.7653
909.642,1.58114,0.4,-1.16028,-18.1916
910.207,1.58114,0.4,-0.326464,-10.3486
910.607,0,0.565685,38.2952,-8.11166
911.007,1.58114,0.8,-0.666368,-6.90937
911.573,2.19874e-13,0.565685,-3.2748,-33.9474
912.139,2.5146e-13,0.4,-1.75773,-68.5273
912.704,1.58114,0.4,-0.239649,-66.2821
913.104,0,0.4,12.3458,-66.1642
913.504,1.58114,0.4,-0.115305,-48.065
914.07,1.58114,0.4,0.950458,-30.9962
914.47,1.58114,0.4,0.100597,-47.6527
915.036,1.58114,0.4,-0.0537701,-57.7368
915.436,0,0.4,8.17262,-53.7298
915.836,1.58114,0.4,-1.41478,-58.7237
916.401,1.58114,0.4,0.300808,-40.1855
916.801,0,0.4,2.42976,-47.4125
917.201,0,0.565685,8.73009,-41.5343
917.601,1.58114,0.4,-5.67833,-36.6287
918.167,1.58114,0.4,-0.159235,-43.4404
918.567,1.58114,0.4,-0.451377,-40.904
919.133,1.58114,0.4,0.373526,-36.9503
919.533,1.58114,0.4,-0.0447485,-46.1764
920.098,3.15858e-14,0.4,-0.945694,-35.3367
920.664,1.58114,0.4,-0.0127284,-47.1578
921.064,1.58114,0.4,0.0506847,-55.7939
921.63,1.58114,0.4,-0.160288,-59.1699
922.03,0,0.4,1.82936,-59.4174
922.43,1.58114,0.4,0.256675,-28.3533
922.995,1.58114,0.4,0.0352076,-15.9068
923.395,0,0.4,1.72211,-12.9245
923.795,0,0.4,-0.586982,-18.0569
924.195,0,0.565685,3.63625,-16.5589
924.595,1.58114,0.894427,2.29319,-26.6304
925.161,3.12792e-14,1.13137,-11.0925,-0.154628
925.727,2.19874e-13,1.26491,-1.97374,-13.3361
926.292,2.5146e-13,0.8,-2.39153,-42.1699
926.858,3.12792e-14,0.4,-5.55614,-47.8879
927.424,3.15858e-14,0.4,-2.8113,-61.5393
927.99,3.12792e-14,0.4,-0.325986,-46.9017
928.555,1.58114,0.4,-0.185803,-33.2718
928.955,0,0.4,17.1053,-41.7073
929.355,1.58114,0.4,-0.456012,-57.3345
929.921,1.58114,0.4,-0.0633183,-36.2024
930.321,1.58114,0.4,-0.329063,-54.2881
930.887,2.82433e-13,0.4,-0.678288,-54.6819
931.452,1.58114,0.4,-0.659442,-50.9518
931.852,0,0.4,4.92667,-54.267
932.252,1.58114,0.4,-1.16215,-38.6846
932.818,1.58114,0.4,0.264369,-22.6105
933.218,0,0.4,4.36266,-23.9107
933.618,1.58114,0.4,0.147812,-49.4716
934.184,1.58114,0.4,0.407105,-62.4399
934.584,1.58114,0.4,0.451194,-23.7544
935.149,1.58114,0.4,0.0712484,-43.2857
935.549,1.58114,0.4,0.456772,-28.7519
936.115,1.58114,0.4,0.929722,0.278584
936.515,0,0.4,-0.318688,-4.10032
936.915,0,0.565685,0.19841,-7.61704
937.315,0,0.565685,1.30103,-25.5069
937.715,0,0.4,4.30864,-50.0968
938.115,1.58114,0.4,-1.33679,-49.9018
938.681,1.58114,0.4,-2.23789,-13.8148
939.081,0,0.4,21.8262,-18.5118
939.481,1.58114,0.4,-2.47306,-38.8971
940.046,2.82433e-13,0.4,-1.74658,-38.4577
940.612,1.58114,0.4,-0.133128,-44.355
941.012,0,0.4,-0.887226,-38.123
941.412,0,0.4,-0.97154,-58.6016
941.812,1.58114,0.4,-0.230338,-58.7244
942.378,1.58114,0.4,-0.0816092,-64.228
942.778,0,0.4,0.18164,-63.3415
943.178,0,0.565685,1.08233,-57.5539
943.578,0,0.4,0.788578,-45.3015
943.978,0,0.4,-0.0735939,-52.1876
944.378,1.58114,0.4,-22.0763,-54.5544
944.943,1.58114,0.4,0.309624,-36.3668
945.343,0,0.565685,3.24287,-39.2883
945.743,0,0.4,4.72894,-44.1048
946.143,0,0.4,1.45659,-44.4137
946.543,0,0.4,-0.764369,-38.9454
946.943,0,0.4,-0.486776,-27.2739
947.343,1.58114,0.4,-14.648,-42.0691
947.909,1.58114,0.4,1.23529,-0.148359
948.309,0,0.4,-0.269199,-13.6655
948.709,0,0.565685,0.325133,-12.3343
949.109,0,0.8,0.391405,-7.37072
949.509,0,0.8,-3.2419,-1.11662
949.909,0,0.894427,-3.64359,0.319045
950.309,0,1.13137,0.027394,-3.21844
950.709,0,0.894427,0.270168,-7.49186
951.109,0,0.8,0.202305,-8.63489
951.509,0,0.894427,0.288912,-5.27517
951.909,0,1.13137,-0.0138428,-1.36783
952.309,0,1.44222,-0.109275,1.09118
952.709,0,1.64924,-0.167963,0.0970314
953.109,0,1.78885,-0.219757,0.198281
953.509,0,2,-0.92919,0.961262
953.909,0,2.26274,-1.21619,0.375536
954.309,0,2.56125,-0.582666,-0.358721
954.709,0,2.88444,0.0986792,-1.05137
955.109,0,3.2249,0.206719,-4.64226
955.509,0,3.1241,0.114916,-7.02345
955.909,0,2.82843,0.415227,-3.00319
956.309,0,2.56125,0.692257,0.300505
956.709,0,2.26274,1.03,0.735153
957.109,0,2,0.459312,-2.11117
957.509,0,1.78885,0.938798,-4.06982
957.909,0,1.64924,0.788887,-1.35318
958.309,0,1.6,0.423947,0.195787
958.709,0,1.6,-0.223266,-0.316875
959.109,0,1.64924,-0.449299,-0.0544995
959.509,0,1.6,-0.433759,0.719547
959.909,0,1.6,-0.578301,0.402082
960.309,0,1.64924,-1.17082,0.72872
960.709,0,1.78885,-0.499452,1.04695
961.109,0,2,-0.110896,0.555212
961.509,1.58114,2,0.159124,0.554152
962.075,3.15858e-14,1.64924,-1.13007,-0.847733
962.641,1.58114,1.2,-0.178013,-1.30022
963.041,0,1.2,1.11788,-0.99243
963.441,0,1.26491,0.263915,0.294209
963.841,0,1.44222,0.142474,0.973757
964.241,0,1.6,0.0995338,0.926749
964.641,0,1.44222,-0.746464,1.07498
965.041,0,1.26491,-1.76341,1.33662
965.441,0,1.2,-0.736967,0.833995
965.841,0,1.26491,-0.436632,0.0999528
966.241,0,1.2,-0.265833,0.567184
966.641,0,1.26491,-1.07478,0.577049
967.041,0,1.44222,-0.228374,0.210389
967.441,1.58114,1.69706,-0.251857,-0.539127
968.006,3.12792e-14,1.64924,-0.358071,-0.116296
968.572,3.15858e-14,1.44222,0.443277,-0.203453
969.138,1.58114,1.26491,0.575039,-1.07202
969.538,1.58114,1.2,1.15624,-0.528387
970.103,2.82433e-13,0.894427,0.120521,-0.211084
970.669,1.58114,0.565685,0.152913,-2.71791
971.069,1.58114,0.4,0.528205,0.560505
971.635,1.58114,0.4,0.783608,-63.3026
972.035,0,0.4,-0.36121,-25.2725
972.435,0,0.4,-0.693218,0.409992
972.835,1.58114,0.565685,0.0427559,0.423616
973.4,1.58114,0.565685,-0.225598,-0.639939
973.8,0,0.565685,0.0595291,-16.1879
974.2,1.58114,0.4,-0.13417,-1.48579
974.766,1.58114,0.4,0.265118,-45.1979
975.166,1.58114,0.4,-0.592487,-0.187195
975.732,1.58114,0.4,-0.360295,-38.5391
976.132,0,0.4,-0.965336,-71.6379
976.532,0,0.4,-1.04333,-34.1704
976.932,1.58114,0.4,0.707649,-49.0871
977.497,0,0.4,-0.25429,-29.877
978.063,1.58114,0.4,0.271677,-48.9392
978.463,1.58114,0.4,0.308087,-64.9242
979.029,1.58114,0.4,-0.03761,-57.5926
979.429,1.58114,0.4,2.50457,-1.72377
979.994,3.12792e-14,0.4,2.31414,-0.410294
980.56,3.15858e-14,0.894427,7.11732,0.306499
981.126,1.58114,0.565685,-0.101623,0.0187358
981.526,1.58114,0.4,0.747918,-6.0385
982.091,1.58114,0.4,-1.14929,-62.3232
982.491,1.58114,0.4,-0.00621435,-50.5658
983.057,3.15858e-14,0.4,1.57055,-42.0463
983.623,1.58114,0.4,-1.78648,-57.3114
984.023,0,0.565685,-21.6012,-12.5051
984.423,1.58114,0.4,-0.143201,-0.997772
984.989,1.58114,0.4,-1.05162,-35.6081
985.389,1.58114,0.4,0.657426,-2.47585
985.954,3.15858e-14,0.4,10.6832,-18.9444
986.52,2.82433e-13,0.4,2.05001,-28.5045
987.086,2.82433e-13,0.565685,0.754705,-13.792
987.651,1.58114,0.4,3.50444,-17.6858
988.051,1.58114,0.4,0.984078,-25.966
988.617,3.12792e-14,0.4,0.884754,-22.5722
989.183,1.58114,0.8,-4.11146,-14.1735
989.583,0,0.565685,-10.9094,0.214328
989.983,1.58114,0.4,-7.90549,1.42459
990.548,1.58114,0.4,5.40156,-14.1396
990.948,0,0.4,-3.26397,-39.9955
991.348,0,0.4,-4.62129,-24.5337
991.748,0,0.565685,-5.64637,-20.7706
992.148,1.58114,0.4,-0.615572,-6.10832
992.714,3.15858e-14,0.4,-1.30467,-27.9787
993.28,0,0.565685,-1.08048,-9.5867
993.845,1.58114,0.8,0.0664284,-1.5898
994.245,1.58114,0.8,-0.00519532,-1.55319
994.811,3.15858e-14,0.4,0.0895209,-0.770166
995.377,3.12792e-14,0.4,0.340502,-23.248
995.942,3.15858e-14,0.4,0.237659,-27.5609
996.508,2.51153e-13,0.4,0.263957,-26.8654
997.074,1.58114,0.4,-3.40043,-59.5792
997.474,1.58114,0.4,-3.26066,-53.5472
998.04,3.15858e-14,0.4,0.0441438,-52.5696
998.605,3.12792e-14,0.4,-0.0926228,-76.8151
999.171,2.19874e-13,0.4,0.0984358,-30.3722
999.737,2.5146e-13,0.8,0.27865,-1.72424
1000.3,3.12792e-14,1.26491,0.298888,-1.05605
1000.87,3.15858e-14,1.44222,0.339421,-1.6263
1001.43,3.12792e-14,1.44222,0.982478,-2.75389
1002,2.19874e-13,1.44222,0.887035,-2.78186
1002.56,2.5146e-13,1.44222,1.07576,-1.5138
1003.13,3.12792e-14,1.64924,0.71369,-1.26643
1003.7,3.15858e-14,1.78885,1.54203,-2.32098
1004.26,3.12792e-14,1.69706,0.72186,-2.29879
1004.83,1.58114,1.78885,0.411765,-1.01412
1005.23,1.58114,1.64924,2.07562,-1.22686
1005.79,1.58114,2,2.38649,0.110307
1006.19,1.58114,2,2.14854,-6.46235
1006.76,1.58114,2.4,-0.115305,-18.9205
1007.16,1.58114,2.4,-0.185889,-9.4154
1007.72,1.58114,2.82843,-nan,-11.5684
1008.12,1.58114,2.8,-nan,-7.76267
1008.69,1.58114,2.43311,1.63249,-nan
1009.09,1.58114,2.03961,0.876054,-nan
1009.66,1.58114,1.78885,-0.89634,-nan
1010.06,1.58114,1.44222,-nan,-nan
