S,Curvature,Collision_Distance
0,0.00525436,1.99999
0.500724,0.00525436,2.02976
1.00143,0.00829379,1.99949
1.50212,0.0100719,1.83832
2.00281,0.0113199,1.64745
2.50353,0.0123483,1.6
3.0043,0.0132887,1.6
3.50514,0.0141966,1.6
4.00607,0.0149145,1.6
4.50709,0.0149065,1.61007
5.00814,0.0147238,1.55939
5.50924,0.0145513,1.4145
6.01037,0.01439,1.38108
6.51153,0.0142401,1.41857
7.01271,0.014102,1.39466
7.5139,0.0139754,1.22186
8.01511,0.0137426,1.1523
8.5163,0.0130307,1.20382
9.01744,0.0122015,1.21769
9.51852,0.0113824,1.05824
10.0196,0.0105736,0.977975
10.5205,0.00977491,1.04029
11.0215,0.00898625,1.13991
11.5224,0.00820747,1.19308
12.0232,0.00744458,1.16915
12.5239,0.00671838,0.985066
13.0246,0.00600842,0.989076
13.5253,0.00530689,1.064
14.0259,0.00461358,1.14024
14.5264,0.00392828,1.2176
15.0269,0.00325074,1.26207
15.5273,0.00258068,1.13845
16.0277,0.00200045,1.06642
16.5281,0.00182194,1.13508
17.0285,0.00176795,1.21579
17.5289,0.00172048,1.29693
18.0293,0.00167923,1.37849
18.5296,0.00164393,1.33008
19.03,0.0016143,1.19452
19.5304,0.00159007,1.22563
20.0308,0.00152637,1.24196
20.5311,0.00124649,1.08236
21.0314,0.000902863,1.07621
21.5318,0.000563567,1.16029
22.0321,0.000228384,1.2445
22.5324,0.000102922,1.32876
23.0327,0.000430579,1.2727
23.5329,0.000754807,1.1442
24.0332,0.0010653,1.18107
24.5334,0.00132424,1.26475
25.0337,0.00156635,1.3481
25.5339,0.00180585,1.44688
26.0342,0.00204292,1.64254
26.5344,0.00227772,1.94381
27.0346,0.00251043,1.71818
27.5349,0.0027412,1.54356
28.0351,0.00288589,1.46843
28.5353,0.00271053,1.51745
29.0355,0.00245851,1.45146
29.5358,0.00220516,1.31889
30.036,0.00195058,1.35199
30.5363,0.00169492,1.42913
31.0365,0.00143829,1.38758
31.5368,0.00118082,1.24178
32.037,0.000950598,1.25828
32.5373,0.000798197,1.33412
33.0376,0.000658849,1.40976
33.5378,0.000518996,1.47922
34.0381,0.000378715,1.35995
34.5384,0.000238081,1.25749
35.0386,9.71624e-05,1.31103
35.5389,4.29828e-05,1.3862
36.0391,5.43694e-05,1.46138
36.5394,0.000189275,1.46991
37.0397,0.00046285,1.32627
37.5399,0.000736415,1.28996
38.0402,0.00101001,1.41002
38.5405,0.00128368,1.43621
39.0407,0.00155746,1.4213
39.541,0.00182659,1.27129
40.0412,0.00188007,1.25784
40.5415,0.00163515,1.33082
41.0418,0.00136854,1.4034
41.542,0.00110217,1.52073
42.0423,0.000836066,1.38835
42.5425,0.000570235,1.26205
43.0428,0.000304692,1.29097
43.5431,3.82426e-05,1.36251
44.0433,0.000254417,1.43404
44.5436,0.000572607,1.47009
45.0439,0.000891552,1.33472
45.5441,0.00121018,1.26439
46.0444,0.00152848,1.32158
46.5446,0.00184646,1.39422
47.0449,0.00216412,1.46731
47.5451,0.00244776,1.54093
48.0454,0.00230344,1.6
48.5456,0.00186478,1.4671
49.0459,0.00142002,1.40063
49.5461,0.000974944,1.36374
50.0464,0.000529563,1.21306
50.5467,8.38807e-05,1.19269
51.0469,0.000362101,1.2687
51.5472,0.000754976,1.34462
52.0475,0.00071817,1.42035
52.5477,0.000474204,1.35214
53.048,0.000229172,1.21934
53.5482,1.55952e-05,1.24673
54.0485,0.000260105,1.32211
54.5488,0.000504365,1.39756
55.049,0.000748384,1.47313
55.5493,0.00094289,1.48073
56.0495,0.000864601,1.33242
56.5498,0.000692381,1.30411
57.0501,0.000519869,1.42535
57.5503,0.000347159,1.45397
58.0506,0.000174257,1.56411
58.5508,1.17416e-06,1.46915
59.0511,0.000172084,1.32912
59.5514,0.000323772,1.36043
60.0516,0.00038727,1.43694
60.5519,0.000428473,1.39909
61.0521,0.000469821,1.25132
61.5524,0.000511305,1.26586
62.0527,0.000552918,1.34193
62.5529,0.000594654,1.41786
63.0532,0.000636488,1.49287
63.5535,0.000624744,1.37431
64.0537,0.000440638,1.27769
64.554,0.000222066,1.32011
65.0542,3.58306e-06,1.39541
65.5545,0.000214816,1.47072
66.0548,0.000433137,1.54608
66.555,0.000651386,1.6
67.0553,0.000869397,1.49291
67.5555,0.00096913,1.40496
68.0558,0.000744117,1.4491
68.5561,0.000463797,1.52537
69.0563,0.00018343,1.59989
69.5566,9.69814e-05,1.46209
70.0568,0.000377433,1.38195
70.5571,0.000657923,1.4309
71.0574,0.000938234,1.50704
71.5576,0.00113668,1.42518
72.0579,0.00112958,1.30509
72.5581,0.00109076,1.33395
73.0584,0.00105196,1.40903
73.5587,0.00101317,1.48386
74.0589,0.000974405,1.55843
74.5592,0.00093565,1.6
75.0594,0.000896597,1.52171
75.5597,0.000759842,1.44502
76.06,0.000386688,1.45444
76.5602,2.1508e-05,1.52803
77.0605,0.000429702,1.50176
77.5608,0.000837899,1.34786
78.061,0.0012461,1.34926
78.5613,0.00165431,1.42348
79.0615,0.00206196,1.49811
79.5618,0.00228379,1.57325
80.0621,0.00205249,1.45449
80.5623,0.00175343,1.35723
81.0626,0.00145437,1.40183
81.5628,0.00115533,1.47883
82.0631,0.000856301,1.55613
82.5634,0.000557285,1.41909
83.0636,0.000258194,1.3366
83.5639,7.45242e-05,1.38899
84.0642,0.000491141,1.46668
84.5644,0.000920617,1.54425
85.0647,0.00135009,1.54003
85.5649,0.00177956,1.40367
86.0652,0.00220904,1.38251
86.5655,0.00263851,1.45118
87.0657,0.00306733,1.52655
87.566,0.00323217,1.62861
88.0662,0.00272587,1.50215
88.5665,0.00211447,1.38665
89.0668,0.00150305,1.43726
89.567,0.000891644,1.51797
90.0673,0.000280232,1.56496
90.5675,0.000331184,1.599
91.0678,0.000942365,1.45363
91.5681,0.00144064,1.39959
92.0683,0.00164729,1.45382
92.5686,0.00180749,1.52685
93.0689,0.00196771,1.6
93.5691,0.00212795,1.54465
94.0694,0.00228821,1.42657
94.5696,0.00244848,1.42658
95.0699,0.00260846,1.49949
95.5702,0.00261988,1.5758
96.0704,0.00224453,1.51616
96.5707,0.00180706,1.40585
97.0709,0.0013696,1.40822
97.5712,0.000932148,1.48651
98.0715,0.000494718,1.56504
98.5717,5.73026e-05,1.6
99.072,0.000380012,1.59741
99.5723,0.000775534,1.50504
100.073,0.0010624,1.5066
100.573,0.00133183,1.5574
101.073,0.00160126,1.6
101.573,0.00187069,1.58837
102.074,0.00214012,1.48645
102.574,0.00240954,1.48377
103.074,0.00267869,1.5417
103.574,0.00281355,1.6086
104.075,0.00259631,1.62351
104.575,0.00232206,1.54269
105.075,0.00204781,1.49998
105.575,0.00177355,1.51592
106.076,0.0014993,1.61669
106.576,0.00122505,1.6
107.076,0.000950795,1.51314
107.576,0.000672749,1.45281
108.077,0.000384535,1.46937
108.577,9.46297e-05,1.54047
109.077,0.00019528,1.6
109.577,0.000485195,1.61013
110.078,0.000775114,1.5376
110.578,0.00106504,1.45502
111.078,0.00135476,1.49708
111.579,0.00149974,1.56913
112.079,0.00124497,1.6
112.579,0.000921762,1.55842
113.079,0.000598555,1.47697
113.58,0.00027535,1.46599
114.08,4.78536e-05,1.53347
114.58,0.000371057,1.54251
115.08,0.000694078,1.38737
115.581,0.000846679,1.3588
116.081,0.000512818,1.45128
116.581,9.27247e-05,1.49782
117.081,0.000327368,1.57035
117.582,0.000747461,1.48808
118.082,0.00116756,1.3604
118.582,0.00158765,1.38884
119.082,0.00200759,1.46232
119.583,0.00223712,1.5363
120.083,0.00190502,1.60131
120.583,0.00146988,1.57546
121.083,0.00103474,1.47771
121.584,0.000599597,1.45411
122.084,0.000164457,1.51258
122.584,0.000270685,1.58839
123.085,0.000705767,1.6
123.585,0.00104302,1.6
124.085,0.00108505,1.53648
124.585,0.00107162,1.53787
125.086,0.00105819,1.56483
125.586,0.00104477,1.6
126.086,0.00103134,1.62881
126.586,0.00101792,1.51238
127.087,0.00100445,1.50012
127.587,0.000890772,1.53485
128.087,0.000471373,1.6
128.587,6.12283e-06,1.47394
129.088,0.000483617,1.38476
129.588,0.000961112,1.42775
130.088,0.00143861,1.50127
130.588,0.00191611,1.57515
131.089,0.00239345,1.57407
131.589,0.00262035,1.4395
132.089,0.00209052,1.41106
132.589,0.00141832,1.47615
133.09,0.000746132,1.55261
133.59,7.39484e-05,1.6
134.09,0.000598235,1.52991
134.591,0.00127042,1.45203
135.091,0.00194237,1.45864
135.591,0.00235884,1.53436
136.091,0.00203926,1.6
136.592,0.00158792,1.6
137.092,0.00113657,1.50229
137.592,0.000685232,1.45248
138.092,0.000233894,1.50612
138.593,0.000217444,1.57985
139.093,0.000668548,1.6
139.593,0.00099161,1.47079
140.093,0.000975122,1.43348
140.594,0.000902984,1.47622
141.094,0.000830846,1.55088
141.594,0.00075871,1.6
142.094,0.000686574,1.60484
142.595,0.00061444,1.60809
143.095,0.000542038,1.57612
143.595,0.000398552,1.57383
144.095,8.90966e-05,1.6
144.596,0.000244002,1.6
145.096,0.0005771,1.52147
145.596,0.000910199,1.48258
146.097,0.0012433,1.50435
146.597,0.0015764,1.57924
147.097,0.00190751,1.6
147.597,0.00197916,1.49356
148.098,0.00153657,1.4262
148.598,0.00103344,1.47449
149.098,0.000530303,1.54739
149.598,2.71726e-05,1.60015
150.099,0.000475958,1.57849
150.599,0.00097909,1.46456
151.099,0.00147712,1.44804
151.599,0.00161633,1.51245
152.1,0.00116694,1.58634
152.6,0.000662932,1.6027
153.1,0.000158925,1.60665
153.6,0.000345082,1.55862
154.101,0.000849092,1.53342
154.601,0.00135311,1.55765
155.101,0.00184763,1.62482
155.601,0.00194784,1.60784
156.102,0.00152057,1.53197
156.602,0.00105647,1.49081
157.102,0.000592377,1.52214
157.603,0.000128286,1.59417
158.103,0.000335802,1.6
158.603,0.00079989,1.47602
159.103,0.0012508,1.44188
159.604,0.00134238,1.48313
160.104,0.00104029,1.55605
160.604,0.000718132,1.6
161.104,0.000395977,1.6
161.605,7.38212e-05,1.6
162.105,0.000248335,1.54835
162.605,0.000570492,1.56959
163.105,0.00087954,1.59621
163.606,0.000936401,1.6
164.106,0.000765779,1.51668
164.606,0.000587004,1.46803
165.106,0.000408229,1.48721
165.607,0.000229455,1.5596
166.107,5.06813e-05,1.6
166.607,0.000128092,1.60008
167.107,0.000302265,1.61528
167.608,0.000409967,1.58396
168.108,0.000467684,1.53625
168.608,0.000524183,1.59418
169.109,0.000580682,1.44005
169.609,0.000637181,1.36389
170.109,0.00069368,1.41294
170.609,0.000750179,1.48619
171.11,0.000790508,1.55962
171.61,0.000649205,1.60254
172.11,0.000393673,1.52877
172.61,0.000136366,1.44971
173.111,0.000120942,1.45483
173.611,0.000378249,1.54574
174.111,0.000635556,1.62133
174.611,0.000892863,1.6
175.112,0.00110548,1.49696
175.612,0.000919425,1.44355
176.112,0.000523903,1.49562
176.612,0.000126521,1.56841
177.113,0.00027086,1.6
177.613,0.000668243,1.63817
178.113,0.00106563,1.61064
178.613,0.00146302,1.69555
179.114,0.00181649,1.73317
179.614,0.00185569,1.61393
180.114,0.00175795,1.41702
180.615,0.00165964,1.37129
181.115,0.00156133,1.43273
181.615,0.00146302,1.50848
182.115,0.00136472,1.5846
182.616,0.00126641,1.52097
183.116,0.00119003,1.41451
183.616,0.00123995,1.41488
184.116,0.00133501,1.49224
184.617,0.00143012,1.56994
185.117,0.00152525,1.6
185.617,0.00162037,1.49157
186.117,0.0017155,1.42929
186.618,0.00181063,1.4845
187.118,0.00181315,1.56419
187.618,0.00138565,1.59901
188.118,0.000833401,1.6
188.619,0.00028114,1.57882
189.119,0.000271118,1.55782
189.619,0.000823371,1.57302
190.119,0.00137561,1.6
190.62,0.00192784,1.56247
191.12,0.00243521,1.47411
191.62,0.00277523,1.48972
192.121,0.00307626,1.56478
192.621,0.00337733,1.61275
193.121,0.00367844,1.6164
193.621,0.00397959,1.53843
194.122,0.00428077,1.52437
194.622,0.00458185,1.54383
195.122,0.0046782,1.60107
195.622,0.00415437,1.6
196.123,0.00351351,1.6
196.623,0.00287265,1.51801
197.123,0.00223181,1.50677
197.623,0.001591,1.56557
198.124,0.000950216,1.59873
198.624,0.000309911,1.6
199.124,0.000148167,1.60795
199.624,0.00014864,1.64045
200.125,7.84262e-05,1.57819
200.625,8.2108e-06,1.57222
201.125,6.20051e-05,1.60167
201.626,0.000132221,1.56839
202.126,0.000202436,1.46295
202.626,0.000271645,1.44625
203.126,0.000176839,1.54792
203.627,0.000262393,1.57831
204.127,0.000745067,1.6
204.627,0.00122775,1.48548
205.127,0.00171044,1.40835
205.628,0.00219314,1.45041
206.128,0.00267585,1.51949
206.628,0.00315542,1.58924
207.128,0.00336582,1.6
207.629,0.00310441,1.60716
208.129,0.00279529,1.62048
208.629,0.00248617,1.5425
209.129,0.00217706,1.54952
209.63,0.00186797,1.6
210.13,0.00155889,1.6
210.63,0.0012561,1.61842
211.13,0.00125671,1.64129
211.631,0.00168954,1.5579
212.131,0.00215543,1.59922
212.631,0.00262132,1.49624
213.132,0.0030872,1.39093
213.632,0.00355305,1.43047
214.132,0.00401885,1.50916
214.632,0.00448467,1.58884
215.133,0.00495383,1.6
215.633,0.00542689,1.47783
216.133,0.00590036,1.44965
216.633,0.00637404,1.51982
217.134,0.00684791,1.5998
217.634,0.00732195,1.6
218.134,0.00779609,1.60859
218.635,0.00817859,1.69258
219.135,0.00710842,1.93792
219.635,0.00487715,2.03975
220.135,0.00261353,2.15217
220.636,0.000350032,2.2442
221.136,0.00191345,2.37093
221.636,0.00417708,2.4214
222.136,0.00644086,2.43014
222.637,0.00851865,2.3392
223.137,0.00891722,2.34827
223.637,0.00842494,2.42666
224.137,0.00792458,2.51469
224.638,0.00742441,2.60078
225.138,0.00692449,2.6252
225.638,0.00642486,2.52787
226.139,0.00592552,2.47941
226.639,0.00531658,2.52802
227.139,0.00408772,2.62219
227.639,0.0026415,2.61312
228.14,0.00119493,2.49326
228.64,0.000251701,2.44562
229.14,0.00169839,2.42384
229.64,0.00314512,2.40468
230.141,0.00459184,2.4
230.641,0.00574515,2.4294
231.141,0.00576875,2.47395
231.641,0.00552047,2.40225
232.142,0.00527227,2.41369
232.642,0.00502417,2.50103
233.142,0.00477618,2.65409
233.643,0.0045283,2.57352
234.143,0.00428018,2.43489
234.643,0.00376178,2.4
235.143,0.00249271,2.40678
235.644,0.00109433,2.47915
236.144,0.000304086,2.55829
236.644,0.00170251,2.47301
237.144,0.0031009,2.44325
237.645,0.00449917,2.57623
238.145,0.00589541,2.71333
238.645,0.00702244,2.67454
239.145,0.00759544,2.51877
239.646,0.00810063,2.423
240.146,0.0086064,2.40049
240.646,0.00911272,2.36282
241.147,0.00961955,2.40454
241.647,0.0101268,2.529
242.147,0.0106237,2.67341
242.647,0.0104493,2.7884
243.148,0.00921898,2.77837
243.648,0.00789565,2.71211
244.148,0.00657227,2.61466
244.648,0.00524908,2.49406
245.149,0.00392616,2.49729
245.649,0.00260352,2.49026
246.149,0.00128531,2.41762
246.65,0.00011509,2.37929
247.15,0.000872359,2.42777
247.65,0.00184858,2.53203
248.151,0.00282491,2.44078
248.651,0.00380136,2.40347
249.151,0.00477789,2.4251
249.651,0.00575445,2.39992
250.152,0.00668428,2.34071
250.652,0.00655474,2.29861
251.152,0.00537312,2.27885
251.652,0.00414638,2.36123
252.153,0.00291978,2.4092
252.653,0.00169333,2.48707
253.153,0.000466971,2.49428
253.653,0.000759355,2.42092
254.154,0.00194738,2.4
254.654,0.0025192,2.4
255.154,0.0025939,2.42164
255.654,0.00265441,2.52428
256.155,0.00271486,2.3545
256.655,0.00277527,2.26294
257.155,0.00283563,2.21232
257.655,0.00289594,2.23387
258.156,0.0029884,2.35806
258.656,0.00347659,2.39781
259.156,0.00423071,2.34358
259.657,0.00498998,2.29325
260.157,0.00574951,2.32007
260.657,0.00650932,2.3769
261.157,0.00726937,2.40413
261.658,0.00802959,2.47567
262.158,0.00865852,2.42778
262.658,0.00799286,2.41135
263.158,0.00659032,2.40891
263.659,0.00517914,2.3548
264.159,0.00376807,2.14511
264.659,0.00235718,1.88614
265.159,0.000946495,1.73285
265.66,0.000464036,1.67092
266.16,0.00185012,1.68713
266.66,0.0030322,1.84925
267.161,0.00411271,2.11399
267.661,0.00519271,2.12326
268.161,0.00627298,2.02312
268.661,0.00735345,2.0408
269.162,0.00843401,2.16744
269.662,0.00951442,2.26019
270.162,0.0104751,2.1177
270.662,0.0105687,2.00035
271.163,0.01028,1.91154
271.663,0.00999008,1.84792
272.163,0.0097006,1.7827
272.664,0.00941166,1.75954
273.164,0.00912328,1.8775
273.664,0.0088355,1.99413
274.165,0.00850403,2.06843
274.665,0.00789638,2.1833
275.165,0.00718198,2.24248
275.665,0.00646713,2.15975
276.166,0.00575219,2.05496
276.666,0.00503723,2.00926
277.166,0.00432233,2.00751
277.666,0.0036075,2.07796
278.167,0.00286226,2.28253
278.667,0.00195247,2.12911
279.167,0.000987353,2.01728
279.668,2.21742e-05,2.01264
280.168,0.000943035,2.10376
280.668,0.00190829,2.32132
281.168,0.00287357,2.09752
281.669,0.00383888,2.05489
282.169,0.00457595,2.19101
282.669,0.00421418,2.35522
283.169,0.00352214,2.38123
283.67,0.00283005,2.38234
284.17,0.00213799,2.31428
284.67,0.00144597,2.30669
285.17,0.000753987,2.37356
285.671,6.20248e-05,2.34666
286.171,0.000437118,2.29896
286.671,8.42793e-05,2.34362
287.171,0.000503811,2.42399
287.672,0.00109192,2.4
288.172,0.00168006,2.33695
288.672,0.00226821,2.25605
289.172,0.00285637,2.17571
289.673,0.00344453,2.15675
290.173,0.00380749,2.24604
290.673,0.00324141,2.4402
291.174,0.00243577,2.32311
291.674,0.00163016,2.1493
292.174,0.000824569,2.00713
292.674,1.89994e-05,1.98126
293.175,0.00078657,2.03622
293.675,0.00159215,2.12138
294.175,0.00217192,2.24184
294.675,0.00187417,2.349
295.176,0.0013633,2.49771
295.676,0.000852419,2.52935
296.176,0.000341538,2.52751
296.676,0.000169337,2.58229
297.177,0.000680201,2.66029
297.677,0.00119103,2.73813
298.177,0.00133312,2.84804
298.677,0.00015349,2.93581
299.178,0.00132218,3.00195
299.678,0.00279791,2.95242
300.178,0.00427373,2.87851
300.679,0.00574962,2.85606
301.179,0.00722545,2.91642
301.679,0.00870084,3.05487
302.179,0.00990994,3.25027
302.68,0.0102786,3.2602
303.18,0.0104822,3.17061
303.68,0.0106866,3.09873
304.181,0.0108918,3.01021
304.681,0.0110978,2.89271
305.181,0.0113044,2.85338
305.681,0.0115111,2.89615
306.182,0.011383,3.01769
306.682,0.0103678,3.21275
307.182,0.00920721,3.43238
307.682,0.00804642,3.44428
308.183,0.00688575,3.32899
308.683,0.00572533,3.23682
309.183,0.00456521,3.22216
309.684,0.00340739,3.28116
310.184,0.00262242,3.26049
310.684,0.00264295,3.13293
311.184,0.00276849,3.01135
311.685,0.00289399,2.89691
312.185,0.00301944,2.78071
312.685,0.00314482,2.64247
313.185,0.00327013,2.54715
313.686,0.00338906,2.54288
314.186,0.00290368,2.63773
314.686,0.0013216,2.79065
315.187,0.000376299,2.79906
315.687,0.00207424,2.52977
316.187,0.00377239,2.37603
316.687,0.00547085,2.13696
317.188,0.00716959,1.88292
317.688,0.0088491,1.67003
318.188,0.00938284,1.58376
318.688,0.00814838,1.65137
319.189,0.00676267,1.7882
319.689,0.00537712,2.00678
320.189,0.00399188,2.30941
320.689,0.00260692,2.53781
321.19,0.00122217,2.59152
321.69,0.000146399,2.55438
322.19,0.000842462,2.61137
322.691,0.00063731,2.50013
323.191,0.000369044,2.33307
323.691,0.000100755,2.13338
324.191,0.000167546,1.8672
324.692,0.00043585,1.6462
325.192,0.000704148,1.55936
325.692,0.000941345,1.6226
326.192,0.000221633,1.75794
326.693,0.00161249,1.98069
327.193,0.00350945,2.28951
327.693,0.00540646,2.56942
328.193,0.00730341,2.61742
328.694,0.00919996,2.52161
329.194,0.0110955,2.49863
329.694,0.012969,2.57348
330.195,0.0144092,2.73624
330.695,0.015435,2.825
331.195,0.016448,2.77114
331.696,0.017465,2.79958
332.196,0.0184858,2.84361
332.697,0.0195098,2.82251
333.197,0.0205363,2.88184
333.697,0.0214521,3.01485
334.197,0.020792,3.02272
334.698,0.0189682,2.95801
335.198,0.0171164,2.97275
335.698,0.0152654,3.06346
336.199,0.0134164,3.22515
336.699,0.0115699,3.4289
337.199,0.00972609,3.53144
337.7,0.00811489,3.42757
338.2,0.00862043,3.54148
338.7,0.0102645,3.44806
339.201,0.0119195,3.50982
339.701,0.0135734,3.28852
340.201,0.0152251,3.13929
340.702,0.0168728,2.95053
341.202,0.0185145,2.82855
341.702,0.0202847,2.7996
342.203,0.0229141,2.86226
342.704,0.0258933,3.01326
343.204,0.0288938,3.24004
343.705,0.0319132,3.52906
344.206,0.0349469,3.74084
344.706,0.0379871,3.65589
345.207,0.0410223,3.44135
345.707,0.0434921,3.26759
346.208,0.0439362,3.15308
346.708,0.043941,3.10496
347.209,0.0439779,3.12466
347.71,0.0440466,3.20007
348.211,0.0441467,3.26184
348.712,0.0442777,3.31751
349.213,0.0444373,3.4248
349.714,0.0443949,3.58776
350.215,0.0439254,3.79931
350.716,0.0434209,3.94593
351.217,0.0429346,3.81516
351.717,0.0424688,3.70669
352.218,0.0420253,3.65264
352.719,0.0416057,3.6177
353.22,0.0411913,3.57266
353.721,0.0402023,3.53792
354.221,0.0385403,3.56446
354.722,0.0368428,3.64945
355.222,0.0351525,3.79019
355.723,0.0334747,3.94547
356.224,0.0318134,3.82645
356.724,0.0301714,3.60668
357.225,0.0284946,3.44034
357.726,0.0258887,3.31742
358.226,0.02249,3.19647
358.726,0.0190572,3.14239
359.226,0.0156203,3.16283
359.727,0.0121833,3.2587
360.227,0.0087479,3.42311
360.727,0.0053144,3.56821
361.228,0.00204416,3.25755
361.728,0.0011433,2.87268
362.228,0.00203684,2.52802
362.729,0.00297492,2.2426
363.229,0.00391287,2.00519
363.729,0.00485044,1.77677
364.229,0.00578734,1.61808
364.73,0.00672323,1.60649
365.23,0.00771874,1.73584
365.73,0.00956815,1.89384
366.231,0.0120492,2.12892
366.731,0.0145484,2.44034
367.232,0.0170515,2.74135
367.732,0.0195577,3.04465
368.232,0.022065,3.40656
368.733,0.0245702,3.7939
369.233,0.0269534,4.21679
369.733,0.028081,4.56794
370.234,0.0284496,4.73261
370.734,0.028819,4.82836
371.235,0.0291998,4.93975
371.735,0.0295913,5.08865
372.236,0.029993,5.20414
372.737,0.0304041,5.22781
373.237,0.0307013,5.18302
373.738,0.030158,5.03671
374.238,0.0292595,4.97632
374.739,0.0283626,4.92844
375.239,0.0274705,4.92282
375.74,0.0265846,4.95957
376.24,0.0257063,5.03012
376.741,0.0248367,4.93834
377.241,0.0239595,4.67685
377.741,0.0230135,4.44934
378.242,0.0220458,4.26296
378.742,0.021077,4.12641
379.243,0.0201086,4.04049
379.743,0.0191415,4.00843
380.243,0.0181766,4.03339
380.744,0.0172146,4.12024
381.244,0.0164086,4.25815
381.745,0.0160765,4.44269
382.245,0.0158358,4.64894
382.745,0.0155955,4.76627
383.246,0.0153558,4.83883
383.746,0.0151168,4.89743
384.246,0.0148787,4.93873
384.747,0.0146413,5.01723
385.247,0.0143255,5.06599
385.747,0.0138238,4.86136
386.247,0.0132955,4.50836
386.748,0.0127673,4.17563
387.248,0.0122394,3.87531
387.748,0.0117122,3.61492
388.249,0.0111857,3.40208
388.749,0.010661,3.16011
389.249,0.0102219,2.95073
389.75,0.00993272,2.80977
390.25,0.0096588,2.74916
390.75,0.00938496,2.78513
391.251,0.00911129,2.90236
391.751,0.00883782,3.09231
392.251,0.0085646,3.34441
392.751,0.00827539,3.56198
393.252,0.00741357,3.47148
393.752,0.00584046,3.39122
394.252,0.00422279,3.35567
394.752,0.0026051,3.36664
395.253,0.000987472,3.44727
395.753,0.000630086,3.59348
396.253,0.0022476,3.79904
396.753,0.00383033,4.06144
397.254,0.0048484,4.36547
397.754,0.00540787,4.69844
398.254,0.00595418,5.0271
398.755,0.00650059,5.1963
399.255,0.00704704,5.08985
399.755,0.00759347,5.03095
400.255,0.00813979,5.00539
400.756,0.00870683,5.01384
401.256,0.00945871,5.04296
401.756,0.0103074,5.05585
402.257,0.0111575,5.11155
402.757,0.0120081,5.09491
403.257,0.0128588,5.01133
403.757,0.0137093,4.85955
404.258,0.0145592,4.748
404.758,0.0155842,4.65942
405.258,0.0177125,4.45349
405.759,0.0202706,4.21749
406.259,0.0228338,4.02337
406.76,0.0253985,3.88537
407.26,0.0279606,3.79995
407.76,0.0305138,3.75373
408.261,0.0330499,3.71019
408.762,0.0358368,3.65839
409.263,0.0397264,3.59761
409.764,0.0439509,3.52693
410.265,0.0482414,3.44535
410.766,0.0525841,3.35666
411.267,0.0569551,3.30096
411.768,0.0613191,3.30434
412.269,0.0656041,3.35536
412.771,0.0687091,3.23984
413.272,0.0703708,3.11444
413.775,0.0721221,3.04727
414.277,0.0740671,3.0429
414.779,0.0761874,3.10054
415.281,0.0784601,3.21962
415.782,0.0808569,3.34083
416.284,0.0824835,3.30847
416.785,0.0804243,3.29019
417.287,0.0773993,3.32658
417.788,0.0744644,3.37349
418.29,0.0716572,3.4056
418.792,0.0690075,3.44402
419.294,0.0665377,3.53517
419.796,0.0642065,3.64339
420.298,0.0608662,3.67133
420.798,0.0564227,3.71988
421.299,0.0518745,3.77985
421.8,0.047305,3.71885
422.301,0.0427469,3.66132
422.802,0.0382219,3.66073
423.303,0.0337417,3.72042
423.804,0.0294219,3.77196
424.304,0.0258988,3.95729
424.805,0.0226836,3.8925
425.305,0.0194545,3.94331
425.806,0.0162172,4.07175
426.306,0.0129765,4.13625
426.806,0.00973493,4.33855
427.306,0.00649378,4.24808
427.807,0.00356365,4.10935
428.307,0.00242393,3.91108
428.807,0.0019242,3.76708
429.307,0.00142509,3.69912
429.807,0.000925884,3.64053
430.308,0.000426685,3.73521
430.808,7.24115e-05,3.76399
431.308,0.000571311,3.71108
431.809,0.00135076,3.68973
432.309,0.00382472,3.56503
432.809,0.00693191,3.40954
433.31,0.0100425,3.26692
433.81,0.0131565,3.19359
434.311,0.016274,3.20074
434.811,0.0193935,3.29077
435.311,0.0225118,3.4577
435.811,0.0251301,3.68407
436.311,0.0250555,3.93525
436.812,0.0240738,3.99573
437.312,0.0230965,3.86724
437.813,0.0221253,3.75698
438.313,0.021161,3.69784
438.814,0.0202043,3.70977
439.314,0.0192554,3.794
439.815,0.0180662,3.94507
440.315,0.015789,4.08853
440.815,0.0132081,4.04298
441.315,0.0106242,3.96531
441.816,0.00803916,3.89064
442.316,0.00545391,3.82552
442.816,0.00286889,3.82159
443.317,0.000284074,3.80282
443.817,0.00190304,3.57738
444.317,0.00259961,3.35112
444.817,0.00294703,3.18668
445.318,0.00329443,3.09954
445.818,0.00364179,3.02287
446.318,0.00398908,2.93262
446.818,0.00433628,2.83676
447.319,0.00468335,2.53436
447.819,0.00512212,2.23528
448.319,0.00587793,1.9777
448.82,0.0067024,1.818
449.32,0.00752725,1.79294
449.82,0.00835245,1.86431
450.32,0.00917792,1.76792
450.821,0.0100035,1.7651
451.321,0.0108289,1.86146
451.821,0.0114281,1.96914
452.322,0.0112823,2.12869
452.822,0.0109834,2.28597
453.322,0.0106852,2.17259
453.822,0.0103876,2.05319
454.323,0.0100906,1.96376
454.823,0.00979437,2.01533
455.323,0.00949888,2.11287
455.824,0.00917507,2.23295
456.324,0.00876103,2.4072
456.824,0.00832887,2.25553
457.324,0.00789614,1.88638
457.825,0.00746301,1.55679
458.325,0.00702958,1.28923
458.825,0.00659597,1.10548
459.325,0.00616297,1.11681
459.826,0.00627099,1.2542
460.326,0.00788744,1.44408
460.827,0.00976616,1.75394
461.327,0.011647,2.1482
461.827,0.0135302,2.52433
462.328,0.0154152,2.75363
462.828,0.0173011,2.74549
463.328,0.0191829,2.59809
463.828,0.0202158,2.52296
464.329,0.0193213,2.53696
464.829,0.018161,2.648
465.329,0.0170023,2.7759
465.83,0.015846,2.68463
466.33,0.0146927,2.65654
466.83,0.0135425,2.71846
467.331,0.0123973,2.80535
467.831,0.011394,2.81681
468.331,0.0106364,2.87586
468.832,0.00990265,2.8575
469.332,0.00916797,2.76748
469.832,0.00843271,2.59636
470.333,0.00769709,2.49532
470.833,0.00696132,2.4946
471.333,0.00624009,2.44759
471.833,0.00618674,2.25157
472.334,0.00706504,2.14435
472.834,0.0080129,2.15135
473.334,0.00896116,2.1311
473.835,0.00990972,2.08106
474.335,0.0108584,2.14456
474.835,0.0118068,2.25963
475.335,0.0127463,2.20108
475.836,0.0134401,2.06084
476.336,0.0138555,1.92212
476.836,0.0142573,1.90133
477.337,0.0146607,2.00612
477.837,0.0150653,2.0537
478.337,0.0154712,2.0945
478.838,0.015878,2.12912
479.338,0.0162813,2.14073
479.838,0.0165936,2.32246
480.339,0.0168192,2.38581
480.839,0.017042,2.46832
481.339,0.0172655,2.64954
481.84,0.0174895,2.86501
482.34,0.0177137,3.08183
482.84,0.0179381,3.34769
483.341,0.0181924,3.61905
483.841,0.0189356,3.88953
484.342,0.0200807,4.14394
484.842,0.0212436,4.03608
485.343,0.0224121,3.80093
485.843,0.0235851,3.62341
486.344,0.0247613,3.51307
486.844,0.0259391,3.45046
487.344,0.0270488,3.38304
487.845,0.0273149,3.31744
488.345,0.0270113,3.06496
488.846,0.0267018,2.73672
489.346,0.0263978,2.44757
489.847,0.0260997,2.22692
490.347,0.0258079,2.09256
490.848,0.0255229,2.07016
491.348,0.0252658,2.08915
491.849,0.0252166,2.14109
492.349,0.0252845,2.27377
492.85,0.0253574,2.32859
493.35,0.025434,2.34412
493.851,0.0255142,2.32157
494.351,0.0255977,2.1531
494.852,0.0256846,2.00099
495.352,0.0257221,1.95076
495.852,0.0253661,1.89309
496.353,0.0248323,1.87206
496.853,0.0243017,1.94281
497.354,0.0237759,1.8192
497.854,0.0232553,1.64452
498.355,0.0227407,1.60144
498.855,0.0222324,1.7143
499.356,0.021521,1.86835
499.856,0.0195438,1.99919
500.356,0.017088,2.22013
500.856,0.0146285,2.44327
501.357,0.0121686,2.33939
501.857,0.00970965,2.07347
502.357,0.00725207,1.80339
502.858,0.00479576,1.58506
503.358,0.00263711,1.5161
503.858,0.00200105,1.60791
504.359,0.0018514,1.83342
504.859,0.00170184,2.15201
505.359,0.00155217,2.38103
505.859,0.00140241,2.35478
506.36,0.00125258,2.31462
506.86,0.00110269,2.34816
507.36,0.000817746,2.53614
507.86,8.11634e-05,2.32093
508.361,0.00115444,2.06417
508.861,0.00222776,1.85091
509.361,0.00330122,1.75773
509.861,0.00437494,1.79764
510.362,0.00544895,1.91309
510.862,0.00652324,2.02745
511.362,0.00716964,2.16438
511.862,0.00611655,2.3763
512.363,0.0046414,2.65995
512.863,0.00316604,2.73086
513.363,0.00169077,2.62325
513.863,0.000215754,2.53987
514.364,0.00125884,2.52807
514.864,0.00273292,2.4762
515.364,0.00445348,2.36943
515.865,0.00699743,2.38704
516.365,0.00971421,2.4131
516.866,0.0124336,2.44284
517.366,0.0151558,2.36517
517.866,0.0178799,2.39325
518.366,0.0206038,2.50104
518.867,0.023322,2.63038
519.367,0.0254103,2.80514
519.867,0.0259772,3.05779
520.368,0.026324,3.36952
520.868,0.0266791,3.64939
521.369,0.027042,3.62572
521.869,0.0274121,3.65315
522.37,0.0277889,3.74401
522.87,0.028167,3.88947
523.371,0.0282582,4.07969
523.871,0.0279012,4.27037
524.372,0.0275114,4.48882
524.873,0.0271286,4.74646
525.373,0.0267534,5.03473
525.874,0.0263862,5.34989
526.374,0.0260276,5.67476
526.874,0.0256089,5.7289
527.375,0.0236406,5.44579
527.875,0.0201287,5.17883
528.375,0.0165452,4.93017
528.875,0.0129606,4.68214
529.376,0.00937762,4.42932
529.876,0.00579705,4.17225
530.376,0.00221842,4.02146
530.877,0.00125369,3.85286
531.377,0.00326956,3.6692
531.878,0.00422662,3.58882
532.378,0.00516,3.47801
532.878,0.00609347,3.35939
533.378,0.00702689,3.30211
533.879,0.00796003,3.32084
534.379,0.0088926,3.38527
534.879,0.0097851,3.23609
535.379,0.0102701,2.99958
535.88,0.0105146,2.82301
536.38,0.0107568,2.68539
536.88,0.0109999,2.54376
537.381,0.0112439,2.41708
537.881,0.0114886,2.38792
538.381,0.0117341,2.45774
538.881,0.0119053,2.62004
539.382,0.011476,2.62244
539.882,0.0107575,2.56545
540.382,0.010037,2.59236
540.883,0.00931649,2.71303
541.383,0.00859619,2.90347
541.883,0.00787622,3.1276
542.383,0.00715665,3.39295
542.884,0.00646917,3.70498
543.384,0.00598055,3.79438
543.884,0.00556876,3.70391
544.385,0.00515715,3.651
544.885,0.00474559,3.61005
545.385,0.00433408,3.56689
545.885,0.00392263,3.58945
546.386,0.00351123,3.57457
546.886,0.00298841,3.56183
547.386,0.00191645,3.5608
547.886,0.000675504,3.63146
548.387,0.000565517,3.76211
548.887,0.00180631,3.96106
549.387,0.00304663,4.09915
549.887,0.00428615,3.99111
550.388,0.00552456,3.8112
550.888,0.0071179,3.63531
551.388,0.0100387,3.52588
551.889,0.0132721,3.4861
552.389,0.016511,3.52164
552.89,0.0197556,3.62916
553.39,0.0230043,3.80408
553.891,0.0262528,4.02083
554.391,0.0294924,4.26724
554.891,0.0319121,4.56178
555.392,0.0322821,4.89582
555.892,0.0323467,5.26156
556.393,0.0324279,5.65229
556.893,0.0325256,6.06418
557.394,0.0326394,6.17439
557.895,0.0327693,5.81373
558.395,0.0329084,5.43367
558.896,0.0325233,5.08081
559.396,0.0312085,4.75861
559.897,0.0297983,4.47429
560.397,0.0283889,4.24219
560.898,0.0269835,4.02259
561.398,0.0255845,3.77442
561.899,0.0241938,3.53568
562.399,0.0228186,3.19399
562.9,0.0217255,2.86959
563.4,0.0210188,2.57755
563.901,0.0203395,2.35164
564.401,0.0196595,2.21288
564.901,0.0189796,2.17951
565.402,0.0183004,2.18171
565.902,0.0176226,2.23546
566.403,0.0169548,2.38634
566.903,0.0166477,2.48463
567.403,0.0168304,2.65657
567.904,0.0170491,2.68919
568.404,0.0172687,2.71245
568.904,0.0174891,2.76586
569.405,0.0177101,2.86821
569.905,0.0179316,2.77765
570.405,0.0181546,2.64495
570.906,0.0184352,2.53639
571.406,0.0187937,2.43002
571.907,0.0191613,2.43139
572.407,0.0195325,2.4922
572.908,0.0199071,2.58738
573.408,0.0202849,2.771
573.908,0.0206655,2.95786
574.409,0.0210181,3.03867
574.909,0.020487,2.8409
575.409,0.0189545,2.71876
575.909,0.0173671,2.62675
576.41,0.01578,2.47976
576.91,0.0141943,2.41564
577.41,0.0126108,2.127
577.911,0.0110296,1.97671
578.411,0.0094605,1.91411
578.912,0.00806613,1.86305
579.412,0.00681987,1.82335
579.912,0.00557755,1.82151
580.412,0.00433466,1.88562
580.913,0.00309146,1.8988
581.413,0.0018481,2.003
581.913,0.000604686,2
582.413,0.000596163,1.92244
582.914,0.00132748,1.67479
583.414,0.00176741,1.50821
583.914,0.00220298,1.49489
584.414,0.00263857,1.61188
584.915,0.00307418,1.74745
585.415,0.00350982,1.98469
585.915,0.00394547,2.18744
586.415,0.00429717,2.14703
586.916,0.00399849,2.1889
587.416,0.00339621,2.30441
587.916,0.00279225,2.40345
588.417,0.00218832,2.32259
588.917,0.00158441,2.10412
589.417,0.000980514,1.98696
589.917,0.000376605,1.97384
590.418,0.000150246,1.92353
590.918,0.000173174,1.86733
591.418,6.36897e-06,1.68919
591.918,0.000186461,1.64351
592.419,0.000366537,1.73261
592.919,0.000546579,1.84279
593.419,0.000726571,2.05093
593.919,0.000906495,2.30583
594.42,0.00136853,2.45964
594.92,0.00374222,2.56925
595.42,0.00690962,2.67649
595.921,0.010081,2.82771
596.421,0.0132539,3.05989
596.921,0.0164274,3.08569
597.422,0.0195991,3.09793
597.922,0.0227648,3.12824
598.422,0.0258959,3.06759
598.923,0.0288609,3.07455
599.423,0.0317735,3.15081
599.924,0.0347061,3.21615
600.425,0.0376537,3.34482
600.925,0.0406073,3.52363
601.426,0.0435543,3.64282
601.927,0.0464781,3.57861
602.428,0.0495262,3.30183
602.929,0.0534034,3.01357
603.431,0.0576525,2.77224
603.933,0.0620266,2.5911
604.434,0.0664994,2.48266
604.936,0.0710308,2.42654
605.437,0.0755647,2.35213
605.939,0.0800069,2.22898
606.441,0.0833221,1.97437
606.943,0.0853535,1.74017
607.446,0.0876326,1.58308
607.949,0.0902513,1.41281
608.452,0.0931724,1.37375
608.954,0.096348,1.48388
609.456,0.0997157,1.62698
609.958,0.101622,1.62591
610.46,0.098897,1.5091
610.963,0.0954386,1.50874
611.465,0.0921986,1.55404
611.968,0.0892363,1.57611
612.471,0.0865972,1.57562
612.974,0.0843168,1.55324
613.476,0.0820647,1.50964
613.978,0.0775577,1.48251
614.479,0.0718799,1.56725
614.98,0.0661038,1.78223
615.481,0.0603197,2.0512
615.983,0.0545892,2.29648
616.484,0.0489509,2.53499
616.986,0.0434273,2.69886
617.487,0.0387872,2.46201
617.988,0.0359072,2.34847
618.489,0.0332301,2.16394
618.99,0.0305298,2.21379
619.49,0.0278166,2.13482
619.99,0.0250985,2.1589
620.491,0.0223811,2.07752
620.991,0.0196716,1.97034
621.491,0.0174142,1.99327
621.992,0.0160251,2.0886
622.492,0.014733,2.31645
622.992,0.0134391,2.55202
623.492,0.0121445,2.81416
623.993,0.0108499,2.7789
624.493,0.0095559,2.74748
624.993,0.00826689,2.74533
625.494,0.00796468,2.62121
625.994,0.00991676,2.50351
626.495,0.0121848,2.49039
626.995,0.0144561,2.5765
627.496,0.0167303,2.75568
627.996,0.0190062,3.01134
628.496,0.0212818,3.30567
628.996,0.023551,3.44659
629.497,0.0251557,3.20645
629.997,0.0252633,3.08305
630.497,0.0251702,2.83087
630.998,0.0250844,2.66143
631.498,0.0250057,2.54659
631.999,0.0249344,2.50968
632.499,0.0248705,2.56803
633,0.0248114,2.62871
633.5,0.0244991,2.75328
634.001,0.0237136,2.81259
634.501,0.022877,2.65602
635.002,0.022041,2.57317
635.502,0.0212067,2.57192
636.002,0.0203751,2.59992
636.503,0.0195469,2.66929
637.003,0.0187239,2.81695
637.504,0.01796,2.93385
638.004,0.017273,2.94469
638.504,0.0165912,2.95006
639.005,0.0159093,2.98494
639.505,0.015228,2.95348
640.005,0.0145476,2.94421
640.506,0.0138684,2.94361
641.006,0.0131894,2.99902
641.506,0.012479,2.93301
642.007,0.0117334,2.86299
642.507,0.0109858,2.8299
643.007,0.0102382,2.46436
643.507,0.00949064,2.12682
644.008,0.00874345,1.82216
644.508,0.00799668,1.61959
645.008,0.00723067,1.55687
645.509,0.00611436,1.59205
646.009,0.00469644,1.61123
646.509,0.00326845,1.70046
647.009,0.00184037,1.89424
647.51,0.00041227,2.08843
648.01,0.0010158,2.07875
648.51,0.00244381,2.11934
649.01,0.00383105,2.16971
649.511,0.00469172,2.32139
650.011,0.0051854,2.56049
650.511,0.00567179,2.86459
651.012,0.00615838,3.20416
651.512,0.00664513,2.9294
652.012,0.00713203,2.57311
652.512,0.00761901,2.26993
653.013,0.00804123,2.04362
653.513,0.00781758,1.91944
654.013,0.00722298,1.91891
654.513,0.00662397,1.93988
655.014,0.00602505,2.01353
655.514,0.00542626,1.91604
656.014,0.00482763,1.75827
656.515,0.00422917,1.72939
657.015,0.00362429,1.74139
657.515,0.00296521,1.83887
658.015,0.00227931,2.06129
658.516,0.00159316,2.3052
659.016,0.000906977,2.39712
659.516,0.000220774,2.44205
660.016,0.000465426,2.47475
660.517,0.00115161,2.59843
661.017,0.00182202,2.42214
661.517,0.00237549,2.17408
662.017,0.00287631,1.97905
662.518,0.00337693,1.89222
663.018,0.00387761,1.90865
663.518,0.00437836,1.93968
664.018,0.00487916,1.959
664.519,0.00537998,1.94925
665.019,0.00580102,1.97167
665.519,0.0056491,2.10882
666.02,0.00524671,2.28091
666.52,0.00484327,2.35195
667.02,0.00443987,2.46252
667.52,0.00403651,2.4426
668.021,0.00363322,2.4224
668.521,0.00323,2.45238
669.021,0.00278607,2.52189
669.521,0.00204123,2.61907
670.022,0.00116161,2.55082
670.522,0.000281349,2.58203
671.022,0.000598941,2.5251
671.522,0.00147926,2.30647
672.023,0.0023596,2.16605
672.523,0.00323996,2.03628
673.023,0.00401154,1.91601
673.523,0.00390432,1.91328
674.024,0.00337183,1.93961
674.524,0.00283657,2.04605
675.024,0.00230134,2.21776
675.525,0.00176614,2.13279
676.025,0.00123097,2.04705
676.525,0.000695815,2.05516
677.025,0.000153655,1.90438
677.526,0.000455322,1.80084
678.026,0.00110134,1.63645
678.526,0.00174775,1.52754
679.026,0.00239416,1.37703
679.527,0.00304055,1.37789
680.027,0.00368689,1.40133
680.527,0.00433312,1.55569
681.027,0.0049694,1.83702
681.528,0.00548771,2.13101
682.028,0.00592821,2.3044
682.528,0.00636763,2.4159
683.029,0.00680737,2.415
683.529,0.00724741,2.48957
684.029,0.00768774,2.65536
684.529,0.0081283,2.89742
685.03,0.00851529,3.19629
685.53,0.00803318,3.20093
686.03,0.00684701,2.99035
686.53,0.00564034,2.76081
687.031,0.00443364,2.60965
687.531,0.00322703,2.54877
688.031,0.00202059,2.58897
688.531,0.000814339,2.63786
689.032,0.000410952,2.68734
689.532,0.00207577,2.79007
690.032,0.00417926,2.95351
690.533,0.00630221,2.87666
691.033,0.00842579,2.59775
691.533,0.0105498,2.30134
692.034,0.0126737,2.06959
692.534,0.0147964,1.93746
693.034,0.0169087,1.92826
693.534,0.0188027,1.96062
694.035,0.0204546,1.98912
694.535,0.0220991,2.05643
695.036,0.0237484,2.22476
695.536,0.0254008,2.38765
696.037,0.0270538,2.56545
696.537,0.028704,2.81554
697.038,0.0303569,3.12012
697.538,0.0322369,3.27096
698.039,0.0343753,3.02805
698.54,0.036554,2.69529
699.041,0.0387582,2.41113
699.541,0.0409823,2.20116
700.042,0.043218,2.08447
700.543,0.0454549,2.01323
701.044,0.0475854,1.97116
701.544,0.0485905,2.04566
702.046,0.0489081,2.22139
702.547,0.0492692,2.46031
703.048,0.0496849,2.70884
703.549,0.0501532,2.73537
704.05,0.0506722,2.5885
704.551,0.0512393,2.50686
705.052,0.0514447,2.51168
705.552,0.0495788,2.60524
706.053,0.0470293,2.76189
706.554,0.0444758,2.93056
707.054,0.0419335,3.08873
707.555,0.0394137,3.23694
708.056,0.0369248,3.37569
708.557,0.0344727,3.43559
709.058,0.0325962,3.24898
709.559,0.0322927,3.04238
710.06,0.032272,2.89737
710.561,0.0322547,2.77716
711.061,0.0322409,2.63498
711.562,0.0322306,2.56981
712.062,0.0322239,2.58896
712.563,0.0322201,2.67754
713.063,0.0320491,2.71199
713.563,0.0314896,2.7617
714.064,0.0308794,2.83091
714.564,0.0302743,2.79918
715.065,0.0296757,2.46882
715.566,0.0290849,2.14301
716.066,0.0285028,1.88338
716.567,0.0279318,1.73681
717.067,0.027611,1.69775
717.568,0.0278215,1.68856
718.069,0.0281084,1.67239
718.569,0.0284027,1.6597
719.07,0.0287039,1.73242
719.57,0.0290115,1.92527
720.071,0.0293248,2.21084
720.571,0.0296416,2.53206
721.072,0.0296964,2.83861
721.572,0.0292042,3.14195
722.072,0.0286444,3.43551
722.573,0.028086,3.63556
723.073,0.0275299,3.64824
723.574,0.0269774,3.55585
724.074,0.0264293,3.35414
724.575,0.0258951,3.21274
725.076,0.026059,3.14437
725.577,0.027429,3.14612
726.077,0.0289341,3.21713
726.578,0.0304547,3.35502
727.079,0.0319888,3.55465
727.579,0.0335332,3.78923
728.08,0.0350841,4.01845
728.58,0.036598,4.14155
729.08,0.0367651,3.95579
729.581,0.0352716,3.74421
730.081,0.033679,3.58694
730.582,0.0320945,3.48536
731.082,0.030522,3.4445
731.583,0.0289644,3.46841
732.084,0.0274238,3.55508
732.584,0.0259391,3.7016
733.085,0.0251108,3.84824
733.586,0.0248216,3.98913
734.086,0.0245479,4.15793
734.586,0.0242736,4.36218
735.087,0.0239992,4.42768
735.587,0.0237252,4.38773
736.088,0.0234519,4.39505
736.588,0.0231902,4.45406
737.088,0.0230429,4.5533
737.589,0.0229677,4.65455
738.089,0.0228982,4.79305
738.59,0.0228336,4.9008
739.09,0.0227738,4.67862
739.591,0.0227189,4.3882
740.091,0.022669,4.13312
740.591,0.0224903,3.92044
741.092,0.021223,3.75722
741.592,0.019421,3.64986
742.092,0.0176137,3.60406
742.593,0.0158065,3.60173
743.093,0.0140009,3.58072
743.593,0.0121975,3.55894
744.094,0.0103965,3.521
744.594,0.00862483,3.303
745.095,0.00706094,3.11494
745.595,0.00559133,2.99683
746.095,0.00412136,2.95595
746.595,0.00265087,2.93036
747.096,0.00118012,2.96727
747.596,0.000290692,3.08678
748.096,0.00176142,3.22907
748.596,0.00317881,2.9161
749.097,0.00415997,2.53818
749.597,0.00492734,2.18208
750.097,0.00569352,1.871
750.597,0.00646003,1.65329
751.098,0.00722688,1.57573
751.598,0.00799403,1.54436
752.098,0.00876139,1.51226
752.599,0.00938328,1.54052
753.099,0.0086821,1.71814
753.599,0.00727496,2.00226
754.099,0.00586116,2.3249
754.6,0.0044475,2.48256
755.1,0.00303406,2.53406
755.6,0.00162081,2.48321
756.1,0.000207667,2.52831
756.601,0.00111406,2.57179
757.101,0.00153133,2.5494
757.601,0.00143243,2.35123
758.101,0.00132747,2.21357
758.602,0.00122249,2.18116
759.102,0.00111748,2.19143
759.602,0.00101246,2.22913
760.102,0.000907423,2.32618
760.603,0.000841154,2.32224
761.103,0.00120142,1.98474
761.603,0.00182579,1.66274
762.104,0.00245414,1.36515
762.604,0.00308257,1.17206
763.104,0.0037111,1.16376
763.604,0.00433975,1.20164
764.105,0.00496849,1.37234
764.605,0.00550299,1.68571
765.105,0.00486154,2.05018
765.605,0.0034218,2.42803
766.106,0.00196678,2.74134
766.606,0.000511816,2.40872
767.106,0.000943013,2.11275
767.606,0.00239763,1.90465
768.107,0.00385192,1.81484
768.607,0.00530854,1.84095
769.107,0.00680452,1.88357
769.608,0.00833069,2.03781
770.108,0.00985878,2.29895
770.608,0.0113882,2.5825
771.109,0.0129187,2.65104
771.609,0.0144499,2.43906
772.109,0.015981,2.2736
772.609,0.0174714,2.2167
773.11,0.0183926,2.26328
773.61,0.0188891,2.33314
774.11,0.0193772,2.42611
774.611,0.0198667,2.34067
775.111,0.0203572,2.26859
775.611,0.0208482,2.18405
776.112,0.0213391,2.16959
776.612,0.0218872,2.20822
777.113,0.0230926,2.22059
777.614,0.0247231,2.2103
778.114,0.0263726,2.13836
778.615,0.028033,2.185
779.115,0.0297023,2.35456
779.616,0.0313772,2.43343
780.116,0.0330539,2.5305
780.617,0.0345033,2.43199
781.117,0.0343723,2.37021
781.618,0.033571,2.37452
782.118,0.0327785,2.31285
782.619,0.0319993,2.38903
783.119,0.0312349,2.4372
783.62,0.0304867,2.72099
784.121,0.0297557,2.90977
784.621,0.0287995,3.0046
785.122,0.0268381,3.11094
785.622,0.0246058,3.21835
786.122,0.0223689,3.26952
786.623,0.0201314,3.21953
787.123,0.017896,3.19788
787.624,0.0156643,3.16733
788.124,0.0134369,2.90034
788.624,0.0112153,2.72123
789.125,0.0089993,2.64967
789.625,0.00678209,2.49277
790.125,0.00456352,2.52248
790.625,0.00234428,2.71999
791.126,0.000124834,2.72856
791.626,0.0020945,2.67226
792.126,0.00431179,2.49444
792.626,0.00622059,2.34599
793.127,0.00745854,2.24462
793.627,0.00860888,2.23097
794.127,0.0097601,2.33161
794.628,0.0109122,2.4503
795.128,0.0120649,2.40701
795.628,0.0132179,2.34544
796.129,0.0143656,2.20251
796.629,0.0151583,2.05613
797.129,0.0153701,1.92076
797.629,0.0155288,1.8682
798.13,0.0156884,1.93762
798.63,0.0158487,1.83399
799.13,0.0160096,1.72673
799.631,0.0161712,1.75604
800.131,0.0163387,1.71289
800.632,0.0166673,1.69155
801.132,0.017178,1.77557
801.633,0.0177021,1.97399
802.133,0.01823,2.13642
802.633,0.0187613,2.03348
803.134,0.0192958,1.80962
803.634,0.0198332,1.63555
804.134,0.0202095,1.56943
804.634,0.0183468,1.60662
805.135,0.0148552,1.58961
805.635,0.0113254,1.62279
806.135,0.00779623,1.61267
806.635,0.00426879,1.74033
807.136,0.000742931,1.89954
807.636,0.00278204,2.01664
808.136,0.00610963,1.98839
808.637,0.00783671,1.86121
809.137,0.00878701,1.71295
809.637,0.0097329,1.5598
810.138,0.0106794,1.43184
810.638,0.0116264,1.47666
811.138,0.0125735,1.66879
811.639,0.0135202,1.90391
812.139,0.0144428,1.939
812.639,0.0152354,1.77828
813.139,0.015984,1.74322
813.64,0.0167329,1.84269
814.14,0.0174819,1.95639
814.64,0.0182303,1.7255
815.141,0.0189772,1.62163
815.641,0.019722,1.59924
816.142,0.0206974,1.72865
816.642,0.0226033,1.92041
817.143,0.0247529,1.96959
817.644,0.0269172,1.9148
818.144,0.0290948,1.87463
818.645,0.0312825,1.94415
819.145,0.0334759,2.08399
819.646,0.0356674,2.28049
820.146,0.0371768,2.55096
820.646,0.0368948,2.87441
821.147,0.0363292,3.2376
821.647,0.0357758,3.49541
822.148,0.0352363,3.34088
822.649,0.0347119,3.08998
823.15,0.0342041,2.7965
823.65,0.0337184,2.47777
824.151,0.0336248,2.2307
824.652,0.0341915,2.02584
825.153,0.0348353,1.87836
825.653,0.035491,1.85271
826.154,0.0361566,1.88676
826.655,0.0368301,2.00219
827.155,0.0375094,2.21604
827.656,0.0381757,2.51271
828.157,0.0383831,2.79091
828.657,0.0380854,2.74491
829.158,0.0377795,2.47831
829.659,0.0374936,2.23114
830.16,0.0372288,2.06674
830.66,0.0369855,1.97525
831.161,0.0367645,1.93494
831.662,0.0364793,2.00882
832.162,0.0349988,2.18897
832.662,0.0326248,2.44695
833.163,0.0302229,2.70711
833.663,0.0278207,2.70434
834.164,0.0254236,2.45698
834.664,0.0230351,2.21599
835.165,0.0206574,2.06685
835.666,0.0184126,2.00192
836.166,0.0172383,1.8972
836.666,0.0166125,1.91105
837.167,0.0159892,2.05238
837.667,0.0153644,2.21068
838.167,0.0147385,2.3877
838.668,0.0141122,2.40576
839.168,0.0134857,2.29779
839.668,0.0128817,2.18504
840.169,0.0124227,2.11648
840.669,0.012022,2.07384
841.169,0.011622,2.02069
841.669,0.0112227,2.04195
842.17,0.0108241,2.00547
842.67,0.0104264,2.07109
843.17,0.0100295,2.08144
843.671,0.00930038,2.17519
844.171,0.00686753,2.36471
844.671,0.00389058,2.55221
845.171,0.000913025,2.81224
845.672,0.00206451,3.04815
846.172,0.00504171,3.00348
846.672,0.00801809,2.71119
847.172,0.0109926,2.49041
847.673,0.0136915,2.29922
848.173,0.0152951,2.11136
848.674,0.0166283,1.93101
849.174,0.0179666,1.8649
849.675,0.0193099,1.92485
850.175,0.0206575,2.09917
850.675,0.0220083,2.28208
851.176,0.0233607,2.41303
851.676,0.0242587,2.61369
852.176,0.0237387,2.7513
852.676,0.0229423,2.66804
853.177,0.0221462,2.61011
853.677,0.0213514,2.52458
854.177,0.020559,2.32947
854.678,0.0197696,2.08034
855.179,0.0189858,1.98097
855.679,0.0188611,1.97824
856.18,0.0203629,1.91176
856.68,0.0221193,2.04177
857.181,0.0238833,2.30676
857.681,0.0256534,2.41169
858.182,0.0274272,2.55581
858.682,0.0292012,2.69165
859.182,0.0309674,2.89253
859.683,0.0322542,2.91052
860.183,0.032617,2.56844
860.684,0.0328839,2.26856
861.184,0.0331631,2.07259
861.685,0.0334539,1.90693
862.186,0.0337556,1.62749
862.686,0.0340674,1.29911
863.187,0.0343937,1.1
863.688,0.0349803,1.05232
864.189,0.0359389,1.04606
864.689,0.0369439,1.08377
865.19,0.0379658,1.28372
865.691,0.0390014,1.59357
866.192,0.0400473,1.95177
866.692,0.0410993,2.0327
867.193,0.0421208,1.75323
867.694,0.0425693,1.55875
868.195,0.0425416,1.45121
868.696,0.0425311,1.35733
869.197,0.0425544,1.35619
869.697,0.0426115,1.45758
870.198,0.0427024,1.40653
870.699,0.0428267,1.26948
871.2,0.0426791,1.20826
871.7,0.0401486,1.33686
872.2,0.0364641,1.55492
872.701,0.0327601,1.75837
873.201,0.0290576,1.96113
873.702,0.0253657,2.14748
874.202,0.0216892,2.39538
874.703,0.018029,2.70815
875.204,0.0147178,2.95736
875.704,0.0129324,2.99364
876.205,0.011574,2.81162
876.705,0.0102117,2.61398
877.205,0.00884674,2.42815
877.705,0.00747987,2.32942
878.206,0.00611181,2.33679
878.706,0.00474309,2.39186
879.206,0.00341699,2.31684
879.706,0.00223463,2.11382
880.207,0.00108257,1.9919
880.707,6.9306e-05,1.98925
881.207,0.00122106,2.1127
881.707,0.00237277,2.2621
882.208,0.00352449,2.18107
882.708,0.00467576,2.02335
883.208,0.00557578,1.98305
883.708,0.00581654,2.06616
884.209,0.00595059,2.1729
884.709,0.00608474,2.18144
885.209,0.00621898,2.27441
885.71,0.0063533,2.38582
886.21,0.00648769,2.37629
886.71,0.0066176,2.42045
887.21,0.00614559,2.43365
887.711,0.0044744,2.17883
888.211,0.00266114,2.07506
888.711,0.00084794,1.79916
889.211,0.000965252,1.58386
889.712,0.00277852,1.44867
890.212,0.0045919,1.47635
890.712,0.00638516,1.63308
891.212,0.00716846,1.67324
891.713,0.00649182,1.69358
892.213,0.00570119,1.68926
892.713,0.00491064,1.75454
893.213,0.00412023,1.92597
893.714,0.00332995,2.09947
894.214,0.00253978,2.36873
894.714,0.00174592,2.617
895.215,0.000857845,2.64208
895.715,0.000129048,2.74019
896.215,0.00112066,2.81318
896.715,0.00211225,2.83834
897.216,0.00310373,2.61535
897.716,0.004095,2.25857
898.216,0.0050859,1.99444
898.716,0.00609701,1.81045
899.217,0.00741067,1.59065
899.717,0.00895444,1.51614
900.217,0.0105053,1.4436
900.718,0.0120576,1.59519
901.218,0.0136113,1.76125
901.718,0.0151657,1.92253
902.219,0.01672,2.08946
902.719,0.0181756,2.08059
903.219,0.0187544,1.96128
903.719,0.0188717,1.7019
904.22,0.0189867,1.55762
904.72,0.0191035,1.5555
905.221,0.0192219,1.46245
905.721,0.019342,1.62145
906.221,0.0194636,1.73744
906.722,0.0196514,1.96991
907.222,0.0202037,2.21455
907.723,0.0208865,2.60204
908.223,0.0215749,2.9508
908.724,0.0222682,2.84098
909.224,0.0229657,2.58788
909.725,0.0236667,2.42227
910.225,0.0243704,2.36464
910.725,0.0247153,2.31142
911.226,0.0237835,2.24142
911.726,0.022568,2.0324
912.226,0.021353,1.88314
912.727,0.0201401,1.85179
913.227,0.0189304,1.81128
913.727,0.0177249,1.66255
914.228,0.0165248,1.52713
914.728,0.0156967,1.55735
915.229,0.0158179,1.70236
915.729,0.0160905,1.74424
916.23,0.016364,1.84452
916.73,0.0166382,2.07401
917.23,0.0169128,2.19091
917.731,0.0171877,2.16844
918.231,0.0174615,2.17377
918.731,0.0175306,2.22794
919.231,0.0171521,2.34839
919.732,0.0167152,2.55546
920.232,0.0162795,2.83324
920.732,0.0158452,3.11611
921.233,0.0154125,3.20606
921.733,0.0149817,3.21306
922.234,0.0145537,3.22361
922.734,0.0142549,3.18936
923.234,0.0142176,3.18217
923.735,0.0142123,3.19882
924.235,0.0142071,3.28477
924.735,0.014202,3.45072
925.235,0.0141969,3.6781
925.736,0.0141919,3.77345
926.236,0.0141879,3.55574
926.736,0.0143127,3.35096
927.237,0.0146949,3.20553
927.737,0.0151096,3.1272
928.238,0.0155263,3.09516
928.738,0.0159449,3.11086
929.238,0.0163653,3.19869
929.739,0.0167872,3.21688
930.239,0.0172058,3.04242
930.739,0.0171208,2.90932
931.239,0.016076,2.83636
931.74,0.0149227,2.80126
932.24,0.0137692,2.83622
932.74,0.0126162,2.95637
933.241,0.0114641,3.05184
933.741,0.0103132,3.04026
934.241,0.00917225,2.86788
934.742,0.00874248,2.4921
935.242,0.00954206,2.19876
935.742,0.0104645,1.93164
936.243,0.0113874,1.69781
936.743,0.0123106,1.60166
937.243,0.0132336,1.6466
937.743,0.014156,1.76609
938.244,0.0150789,1.98133
938.744,0.0160899,2.29053
939.244,0.0172307,2.65647
939.745,0.018384,2.97945
940.245,0.0195393,3.22954
940.745,0.0206955,3.4479
941.246,0.0218516,3.66559
941.746,0.0230059,3.83269
942.247,0.0241611,3.70063
942.747,0.025412,3.51836
943.248,0.0267681,3.39247
943.748,0.0281441,3.33707
944.249,0.0295354,3.34589
944.75,0.0309401,3.29494
945.25,0.0323558,3.14431
945.75,0.0337795,3.04486
946.251,0.0349376,3.0181
946.751,0.0338324,3.00786
947.251,0.0315938,2.92259
947.752,0.0293483,2.91347
948.252,0.0271097,2.98015
948.753,0.0248816,3.12113
949.253,0.0226663,3.27157
949.754,0.0204645,3.41704
950.254,0.0182315,3.49928
950.755,0.0158325,3.34426
951.255,0.0133863,3.08781
951.755,0.010935,2.85725
952.256,0.00848091,2.70197
952.756,0.0060257,2.57628
953.256,0.0035703,2.45022
953.756,0.00112354,2.32516
954.257,0.000377241,2.22675
954.757,0.00339869,2.23072
955.257,0.00692658,2.34608
955.758,0.0104561,2.39115
956.258,0.0139873,2.34324
956.758,0.0175191,2.40593
957.259,0.0210481,2.56917
957.759,0.024556,2.81224
958.259,0.0273071,3.08784
958.76,0.0289139,3.05212
959.26,0.0304393,2.8974
959.761,0.0319804,2.78832
960.262,0.0335347,2.76024
960.763,0.0350985,2.8069
961.263,0.0366674,2.8593
961.764,0.0382215,2.90256
962.265,0.0392167,2.96565
962.766,0.0395109,2.83493
963.267,0.0397874,2.72895
963.768,0.0400936,2.70544
964.269,0.0404285,2.67371
964.77,0.0407913,2.42906
965.271,0.0411808,2.2058
965.772,0.0415683,2.06856
966.273,0.0409141,2.02737
966.774,0.0388802,1.9721
967.274,0.0367448,1.90213
967.775,0.0346086,1.93878
968.276,0.0324792,2.09089
968.777,0.0303624,2.33651
969.278,0.0282624,2.61428
969.78,0.026252,2.88992
970.281,0.0261831,3.19257
970.782,0.0282394,3.33041
971.283,0.0304186,3.4114
971.784,0.0326094,3.39155
972.285,0.0348069,3.4537
972.786,0.037004,3.59024
973.287,0.039189,3.74661
973.788,0.0366413,3.94916
974.29,0.0198581,3.86875
974.791,0.000407861,3.53546
975.291,0.0190927,3.25174
975.791,0.0387089,3.02417
976.289,0.0583071,2.8469
976.788,0.0643744,2.53094
977.286,0.0446556,2.11977
977.786,0.0222056,1.76844
978.286,0.0222056,1.49483
